category,n_reviews,min_cluster_size_param,n_clusters,n_noise,noise_pct
ACCOUNT_ACCESS_AUTH,4289,71,2,0,0.0
ACCOUNT_LIFECYCLE,1486,80,6,377,25.4
ADVERTISING_NOTIFICATIONS,752,80,3,232,30.9
APP_STABILITY_PERFORMANCE,4380,73,4,108,2.5
ASSET_COVERAGE,1061,17,4,54,5.1
CHARTING_TOOLS,1018,16,2,5,0.5
CRYPTO_SPECIFIC,2609,43,5,194,7.4
CUSTOMER_SUPPORT,4452,74,2,0,0.0
FEES_SUBSCRIPTION,2879,47,7,572,19.9
FUNDS_TRANSFER,4136,68,3,0,0.0
GENERAL_SENTIMENT,17435,290,7,4890,28.0
ONBOARDING_BEGINNER,4279,71,5,21,0.5
PREDICTION_MARKETS,303,30,3,55,18.2
SECURITY_PRIVACY,1532,25,10,299,19.5
TRADE_EXECUTION,2170,80,2,296,13.6
TRUST_FAIRNESS_REGULATORY,2272,37,4,218,9.6
USABILITY_NAV,12247,204,8,1591,13.0
