app,platform,country,version,version_date,release_notes,feature_relevance,source_url,retrieved_at_utc,note_sha256,source_html_sha256
coinbase,apple_app_store,US,14.13.32,2026-04-08,"Coinbase is the easiest and most trusted place to buy, sell, and manage your digital currency. This update includes bug fixes and performance improvements.",generic_or_no_specific_feature,https://apps.apple.com/us/app/id886427730,2026-09-24T12:49:24+00:00,d990da91adf8ffc9687539937ebf8664f44e18e183048c82a3897143c8f6295d,48982b34729c4b400835b723070f2f26d6152d28ddd08adf3ca348359b20975e
coinbase,apple_app_store,US,14.14.27,2026-04-13,"Coinbase is the easiest and most trusted place to buy, sell, and manage your digital currency. This update includes bug fixes and performance improvements.",generic_or_no_specific_feature,https://apps.apple.com/us/app/id886427730,2026-09-24T12:49:24+00:00,d990da91adf8ffc9687539937ebf8664f44e18e183048c82a3897143c8f6295d,48982b34729c4b400835b723070f2f26d6152d28ddd08adf3ca348359b20975e
coinbase,apple_app_store,US,14.15.19,2026-04-20,"Coinbase is the easiest and most trusted place to buy, sell, and manage your digital currency. This update includes bug fixes and performance improvements.",generic_or_no_specific_feature,https://apps.apple.com/us/app/id886427730,2026-09-24T12:49:24+00:00,d990da91adf8ffc9687539937ebf8664f44e18e183048c82a3897143c8f6295d,48982b34729c4b400835b723070f2f26d6152d28ddd08adf3ca348359b20975e
coinbase,apple_app_store,US,14.16.26,2026-04-27,"Coinbase is the easiest and most trusted place to buy, sell, and manage your digital currency. This update includes bug fixes and performance improvements.",generic_or_no_specific_feature,https://apps.apple.com/us/app/id886427730,2026-09-24T12:49:24+00:00,d990da91adf8ffc9687539937ebf8664f44e18e183048c82a3897143c8f6295d,48982b34729c4b400835b723070f2f26d6152d28ddd08adf3ca348359b20975e
coinbase,apple_app_store,US,14.17.21,2026-05-04,"Coinbase is the easiest and most trusted place to buy, sell, and manage your digital currency. This update includes bug fixes and performance improvements.",generic_or_no_specific_feature,https://apps.apple.com/us/app/id886427730,2026-09-24T12:49:24+00:00,d990da91adf8ffc9687539937ebf8664f44e18e183048c82a3897143c8f6295d,48982b34729c4b400835b723070f2f26d6152d28ddd08adf3ca348359b20975e
coinbase,apple_app_store,US,14.18.13,2026-05-11,"Coinbase is the easiest and most trusted place to buy, sell, and manage your digital currency. This update includes bug fixes and performance improvements.",generic_or_no_specific_feature,https://apps.apple.com/us/app/id886427730,2026-09-24T12:49:24+00:00,d990da91adf8ffc9687539937ebf8664f44e18e183048c82a3897143c8f6295d,48982b34729c4b400835b723070f2f26d6152d28ddd08adf3ca348359b20975e
coinbase,apple_app_store,US,14.19.19,2026-05-18,"Coinbase is the easiest and most trusted place to buy, sell, and manage your digital currency. This update includes bug fixes and performance improvements.",generic_or_no_specific_feature,https://apps.apple.com/us/app/id886427730,2026-09-24T12:49:24+00:00,d990da91adf8ffc9687539937ebf8664f44e18e183048c82a3897143c8f6295d,48982b34729c4b400835b723070f2f26d6152d28ddd08adf3ca348359b20975e
coinbase,apple_app_store,US,14.19.22,2026-05-21,"Coinbase is the easiest and most trusted place to buy, sell, and manage your digital currency. This update includes bug fixes and performance improvements.",generic_or_no_specific_feature,https://apps.apple.com/us/app/id886427730,2026-09-24T12:49:24+00:00,d990da91adf8ffc9687539937ebf8664f44e18e183048c82a3897143c8f6295d,48982b34729c4b400835b723070f2f26d6152d28ddd08adf3ca348359b20975e
coinbase,apple_app_store,US,14.20.22,2026-05-26,"Coinbase is the easiest and most trusted place to buy, sell, and manage your digital currency. This update includes bug fixes and performance improvements.",generic_or_no_specific_feature,https://apps.apple.com/us/app/id886427730,2026-09-24T12:49:24+00:00,d990da91adf8ffc9687539937ebf8664f44e18e183048c82a3897143c8f6295d,48982b34729c4b400835b723070f2f26d6152d28ddd08adf3ca348359b20975e
coinbase,apple_app_store,US,14.21.23,2026-06-01,"Coinbase is the easiest and most trusted place to buy, sell, and manage your digital currency. This update includes bug fixes and performance improvements.",generic_or_no_specific_feature,https://apps.apple.com/us/app/id886427730,2026-09-24T12:49:24+00:00,d990da91adf8ffc9687539937ebf8664f44e18e183048c82a3897143c8f6295d,48982b34729c4b400835b723070f2f26d6152d28ddd08adf3ca348359b20975e
coinbase,apple_app_store,US,14.22.32,2026-06-08,"Coinbase is the easiest and most trusted place to buy, sell, and manage your digital currency. This update includes bug fixes and performance improvements.",generic_or_no_specific_feature,https://apps.apple.com/us/app/id886427730,2026-09-24T12:49:24+00:00,d990da91adf8ffc9687539937ebf8664f44e18e183048c82a3897143c8f6295d,48982b34729c4b400835b723070f2f26d6152d28ddd08adf3ca348359b20975e
coinbase,apple_app_store,US,14.23.16,2026-06-15,"Coinbase is the easiest and most trusted place to buy, sell, and manage your digital currency. This update includes bug fixes and performance improvements.",generic_or_no_specific_feature,https://apps.apple.com/us/app/id886427730,2026-09-24T12:49:24+00:00,d990da91adf8ffc9687539937ebf8664f44e18e183048c82a3897143c8f6295d,48982b34729c4b400835b723070f2f26d6152d28ddd08adf3ca348359b20975e
coinbase,apple_app_store,US,14.24.32,2026-06-22,"Coinbase is the easiest and most trusted place to buy, sell, and manage your digital currency. This update includes bug fixes and performance improvements.",generic_or_no_specific_feature,https://apps.apple.com/us/app/id886427730,2026-09-24T12:49:24+00:00,d990da91adf8ffc9687539937ebf8664f44e18e183048c82a3897143c8f6295d,48982b34729c4b400835b723070f2f26d6152d28ddd08adf3ca348359b20975e
coinbase,apple_app_store,US,14.25.17,2026-07-06,"Coinbase is the easiest and most trusted place to buy, sell, and manage your digital currency. This update includes bug fixes and performance improvements.",generic_or_no_specific_feature,https://apps.apple.com/us/app/id886427730,2026-09-24T12:49:24+00:00,d990da91adf8ffc9687539937ebf8664f44e18e183048c82a3897143c8f6295d,48982b34729c4b400835b723070f2f26d6152d28ddd08adf3ca348359b20975e
coinbase,apple_app_store,US,14.26.20,2026-07-13,"Coinbase is the easiest and most trusted place to buy, sell, and manage your digital currency. This update includes bug fixes and performance improvements.",generic_or_no_specific_feature,https://apps.apple.com/us/app/id886427730,2026-09-24T12:49:24+00:00,d990da91adf8ffc9687539937ebf8664f44e18e183048c82a3897143c8f6295d,48982b34729c4b400835b723070f2f26d6152d28ddd08adf3ca348359b20975e
coinbase,apple_app_store,US,14.27.28,2026-07-20,"Coinbase is the easiest and most trusted place to buy, sell, and manage your digital currency. This update includes bug fixes and performance improvements.",generic_or_no_specific_feature,https://apps.apple.com/us/app/id886427730,2026-09-24T12:49:24+00:00,d990da91adf8ffc9687539937ebf8664f44e18e183048c82a3897143c8f6295d,48982b34729c4b400835b723070f2f26d6152d28ddd08adf3ca348359b20975e
coinbase,apple_app_store,US,14.28.33,2026-07-27,"Coinbase is the easiest and most trusted place to buy, sell, and manage your digital currency. This update includes bug fixes and performance improvements.",generic_or_no_specific_feature,https://apps.apple.com/us/app/id886427730,2026-09-24T12:49:24+00:00,d990da91adf8ffc9687539937ebf8664f44e18e183048c82a3897143c8f6295d,48982b34729c4b400835b723070f2f26d6152d28ddd08adf3ca348359b20975e
coinbase,apple_app_store,US,14.29.31,2026-08-03,"Coinbase is the easiest and most trusted place to buy, sell, and manage your digital currency. This update includes bug fixes and performance improvements.",generic_or_no_specific_feature,https://apps.apple.com/us/app/id886427730,2026-09-24T12:49:24+00:00,d990da91adf8ffc9687539937ebf8664f44e18e183048c82a3897143c8f6295d,48982b34729c4b400835b723070f2f26d6152d28ddd08adf3ca348359b20975e
coinbase,apple_app_store,US,14.30.20,2026-08-10,"Coinbase is the easiest and most trusted place to buy, sell, and manage your digital currency. This update includes bug fixes and performance improvements.",generic_or_no_specific_feature,https://apps.apple.com/us/app/id886427730,2026-09-24T12:49:24+00:00,d990da91adf8ffc9687539937ebf8664f44e18e183048c82a3897143c8f6295d,48982b34729c4b400835b723070f2f26d6152d28ddd08adf3ca348359b20975e
coinbase,apple_app_store,US,14.31.20,2026-08-17,"Coinbase is the easiest and most trusted place to buy, sell, and manage your digital currency. This update includes bug fixes and performance improvements.",generic_or_no_specific_feature,https://apps.apple.com/us/app/id886427730,2026-09-24T12:49:24+00:00,d990da91adf8ffc9687539937ebf8664f44e18e183048c82a3897143c8f6295d,48982b34729c4b400835b723070f2f26d6152d28ddd08adf3ca348359b20975e
coinbase,apple_app_store,US,14.32.25,2026-08-24,"Coinbase is the easiest and most trusted place to buy, sell, and manage your digital currency. This update includes bug fixes and performance improvements.",generic_or_no_specific_feature,https://apps.apple.com/us/app/id886427730,2026-09-24T12:49:24+00:00,d990da91adf8ffc9687539937ebf8664f44e18e183048c82a3897143c8f6295d,48982b34729c4b400835b723070f2f26d6152d28ddd08adf3ca348359b20975e
coinbase,apple_app_store,US,14.33.43,2026-08-31,"Coinbase is the easiest and most trusted place to buy, sell, and manage your digital currency. This update includes bug fixes and performance improvements.",generic_or_no_specific_feature,https://apps.apple.com/us/app/id886427730,2026-09-24T12:49:24+00:00,d990da91adf8ffc9687539937ebf8664f44e18e183048c82a3897143c8f6295d,48982b34729c4b400835b723070f2f26d6152d28ddd08adf3ca348359b20975e
coinbase,apple_app_store,US,14.34.37,2026-09-08,"Coinbase is the easiest and most trusted place to buy, sell, and manage your digital currency. This update includes bug fixes and performance improvements.",generic_or_no_specific_feature,https://apps.apple.com/us/app/id886427730,2026-09-24T12:49:24+00:00,d990da91adf8ffc9687539937ebf8664f44e18e183048c82a3897143c8f6295d,48982b34729c4b400835b723070f2f26d6152d28ddd08adf3ca348359b20975e
coinbase,apple_app_store,US,14.35.29,2026-09-14,"Coinbase is the easiest and most trusted place to buy, sell, and manage your digital currency. This update includes bug fixes and performance improvements.",generic_or_no_specific_feature,https://apps.apple.com/us/app/id886427730,2026-09-24T12:49:24+00:00,d990da91adf8ffc9687539937ebf8664f44e18e183048c82a3897143c8f6295d,48982b34729c4b400835b723070f2f26d6152d28ddd08adf3ca348359b20975e
coinbase,apple_app_store,US,14.36.62,2026-09-21,"Coinbase is the easiest and most trusted place to buy, sell, and manage your digital currency. This update includes bug fixes and performance improvements.",generic_or_no_specific_feature,https://apps.apple.com/us/app/id886427730,2026-09-24T12:49:24+00:00,d990da91adf8ffc9687539937ebf8664f44e18e183048c82a3897143c8f6295d,48982b34729c4b400835b723070f2f26d6152d28ddd08adf3ca348359b20975e
robinhood,apple_app_store,US,2026.20.0,2026-05-18,"Here's what's under the hood in our latest update:
- Bug fixes and improvements",generic_or_no_specific_feature,https://apps.apple.com/us/app/id938003185,2026-09-24T12:49:24+00:00,40ddbb22eef76935a06d3cdca46de8b6bf85c7f8175246964f45d6cb63eab8bf,da69b3ef25c3ae78be9b857d8a98d9476886be6f2c18e8aded2730e93c5f2c19
robinhood,apple_app_store,US,2026.21.0,2026-05-26,"Here's what's under the hood in our latest update:
- Bug fixes and improvements",generic_or_no_specific_feature,https://apps.apple.com/us/app/id938003185,2026-09-24T12:49:24+00:00,40ddbb22eef76935a06d3cdca46de8b6bf85c7f8175246964f45d6cb63eab8bf,da69b3ef25c3ae78be9b857d8a98d9476886be6f2c18e8aded2730e93c5f2c19
robinhood,apple_app_store,US,2026.21.1,2026-05-28,"Here's what's under the hood in our latest update:
- Bug fixes and improvements",generic_or_no_specific_feature,https://apps.apple.com/us/app/id938003185,2026-09-24T12:49:24+00:00,40ddbb22eef76935a06d3cdca46de8b6bf85c7f8175246964f45d6cb63eab8bf,da69b3ef25c3ae78be9b857d8a98d9476886be6f2c18e8aded2730e93c5f2c19
robinhood,apple_app_store,US,2026.22.0,2026-06-02,"Here's what's under the hood in our latest update:
- Bug fixes and improvements",generic_or_no_specific_feature,https://apps.apple.com/us/app/id938003185,2026-09-24T12:49:24+00:00,40ddbb22eef76935a06d3cdca46de8b6bf85c7f8175246964f45d6cb63eab8bf,da69b3ef25c3ae78be9b857d8a98d9476886be6f2c18e8aded2730e93c5f2c19
robinhood,apple_app_store,US,2026.23.0,2026-06-08,"Here's what's under the hood in our latest update:
- Bug fixes and improvements",generic_or_no_specific_feature,https://apps.apple.com/us/app/id938003185,2026-09-24T12:49:24+00:00,40ddbb22eef76935a06d3cdca46de8b6bf85c7f8175246964f45d6cb63eab8bf,da69b3ef25c3ae78be9b857d8a98d9476886be6f2c18e8aded2730e93c5f2c19
robinhood,apple_app_store,US,2026.24.0,2026-06-15,"Here's what's under the hood in our latest update:
- Bug fixes and improvements",generic_or_no_specific_feature,https://apps.apple.com/us/app/id938003185,2026-09-24T12:49:24+00:00,40ddbb22eef76935a06d3cdca46de8b6bf85c7f8175246964f45d6cb63eab8bf,da69b3ef25c3ae78be9b857d8a98d9476886be6f2c18e8aded2730e93c5f2c19
robinhood,apple_app_store,US,2026.24.1,2026-06-17,"Here's what's under the hood in our latest update:
- Bug fixes and improvements",generic_or_no_specific_feature,https://apps.apple.com/us/app/id938003185,2026-09-24T12:49:24+00:00,40ddbb22eef76935a06d3cdca46de8b6bf85c7f8175246964f45d6cb63eab8bf,da69b3ef25c3ae78be9b857d8a98d9476886be6f2c18e8aded2730e93c5f2c19
robinhood,apple_app_store,US,2026.25.0,2026-06-22,"Here's what's under the hood in our latest update:
- Bug fixes and improvements",generic_or_no_specific_feature,https://apps.apple.com/us/app/id938003185,2026-09-24T12:49:24+00:00,40ddbb22eef76935a06d3cdca46de8b6bf85c7f8175246964f45d6cb63eab8bf,da69b3ef25c3ae78be9b857d8a98d9476886be6f2c18e8aded2730e93c5f2c19
robinhood,apple_app_store,US,2026.26.0,2026-06-29,"Here's what's under the hood in our latest update:
- Bug fixes and improvements",generic_or_no_specific_feature,https://apps.apple.com/us/app/id938003185,2026-09-24T12:49:24+00:00,40ddbb22eef76935a06d3cdca46de8b6bf85c7f8175246964f45d6cb63eab8bf,da69b3ef25c3ae78be9b857d8a98d9476886be6f2c18e8aded2730e93c5f2c19
robinhood,apple_app_store,US,2026.27.0,2026-07-06,"Here's what's under the hood in our latest update:
- Bug fixes and improvements",generic_or_no_specific_feature,https://apps.apple.com/us/app/id938003185,2026-09-24T12:49:24+00:00,40ddbb22eef76935a06d3cdca46de8b6bf85c7f8175246964f45d6cb63eab8bf,da69b3ef25c3ae78be9b857d8a98d9476886be6f2c18e8aded2730e93c5f2c19
robinhood,apple_app_store,US,2026.27.1,2026-07-09,"Here's what's under the hood in our latest update:
- Bug fixes and improvements",generic_or_no_specific_feature,https://apps.apple.com/us/app/id938003185,2026-09-24T12:49:24+00:00,40ddbb22eef76935a06d3cdca46de8b6bf85c7f8175246964f45d6cb63eab8bf,da69b3ef25c3ae78be9b857d8a98d9476886be6f2c18e8aded2730e93c5f2c19
robinhood,apple_app_store,US,2026.28.0,2026-07-13,"Here's what's under the hood in our latest update:
- Bug fixes and improvements",generic_or_no_specific_feature,https://apps.apple.com/us/app/id938003185,2026-09-24T12:49:24+00:00,40ddbb22eef76935a06d3cdca46de8b6bf85c7f8175246964f45d6cb63eab8bf,da69b3ef25c3ae78be9b857d8a98d9476886be6f2c18e8aded2730e93c5f2c19
robinhood,apple_app_store,US,2026.29.0,2026-07-20,"Here's what's under the hood in our latest update:
- Bug fixes and improvements",generic_or_no_specific_feature,https://apps.apple.com/us/app/id938003185,2026-09-24T12:49:24+00:00,40ddbb22eef76935a06d3cdca46de8b6bf85c7f8175246964f45d6cb63eab8bf,da69b3ef25c3ae78be9b857d8a98d9476886be6f2c18e8aded2730e93c5f2c19
robinhood,apple_app_store,US,2026.30.0,2026-07-27,"Here's what's under the hood in our latest update:
- Bug fixes and improvements",generic_or_no_specific_feature,https://apps.apple.com/us/app/id938003185,2026-09-24T12:49:24+00:00,40ddbb22eef76935a06d3cdca46de8b6bf85c7f8175246964f45d6cb63eab8bf,da69b3ef25c3ae78be9b857d8a98d9476886be6f2c18e8aded2730e93c5f2c19
robinhood,apple_app_store,US,2026.30.1,2026-07-29,"Here's what's under the hood in our latest update:
- Bug fixes and improvements",generic_or_no_specific_feature,https://apps.apple.com/us/app/id938003185,2026-09-24T12:49:24+00:00,40ddbb22eef76935a06d3cdca46de8b6bf85c7f8175246964f45d6cb63eab8bf,da69b3ef25c3ae78be9b857d8a98d9476886be6f2c18e8aded2730e93c5f2c19
robinhood,apple_app_store,US,2026.31.0,2026-08-04,"Here's what's under the hood in our latest update:
- Bug fixes and improvements",generic_or_no_specific_feature,https://apps.apple.com/us/app/id938003185,2026-09-24T12:49:24+00:00,40ddbb22eef76935a06d3cdca46de8b6bf85c7f8175246964f45d6cb63eab8bf,da69b3ef25c3ae78be9b857d8a98d9476886be6f2c18e8aded2730e93c5f2c19
robinhood,apple_app_store,US,2026.32.0,2026-08-11,"Here's what's under the hood in our latest update:
- Bug fixes and improvements",generic_or_no_specific_feature,https://apps.apple.com/us/app/id938003185,2026-09-24T12:49:24+00:00,40ddbb22eef76935a06d3cdca46de8b6bf85c7f8175246964f45d6cb63eab8bf,da69b3ef25c3ae78be9b857d8a98d9476886be6f2c18e8aded2730e93c5f2c19
robinhood,apple_app_store,US,2026.33.0,2026-08-17,"Here's what's under the hood in our latest update:
- Bug fixes and improvements",generic_or_no_specific_feature,https://apps.apple.com/us/app/id938003185,2026-09-24T12:49:24+00:00,40ddbb22eef76935a06d3cdca46de8b6bf85c7f8175246964f45d6cb63eab8bf,da69b3ef25c3ae78be9b857d8a98d9476886be6f2c18e8aded2730e93c5f2c19
robinhood,apple_app_store,US,2026.33.1,2026-08-20,"Here's what's under the hood in our latest update:
- Bug fixes and improvements",generic_or_no_specific_feature,https://apps.apple.com/us/app/id938003185,2026-09-24T12:49:24+00:00,40ddbb22eef76935a06d3cdca46de8b6bf85c7f8175246964f45d6cb63eab8bf,da69b3ef25c3ae78be9b857d8a98d9476886be6f2c18e8aded2730e93c5f2c19
robinhood,apple_app_store,US,2026.34.0,2026-08-24,"Here's what's under the hood in our latest update:
- Bug fixes and improvements",generic_or_no_specific_feature,https://apps.apple.com/us/app/id938003185,2026-09-24T12:49:24+00:00,40ddbb22eef76935a06d3cdca46de8b6bf85c7f8175246964f45d6cb63eab8bf,da69b3ef25c3ae78be9b857d8a98d9476886be6f2c18e8aded2730e93c5f2c19
robinhood,apple_app_store,US,2026.34.1,2026-08-28,"Here's what's under the hood in our latest update:
- Bug fixes and improvements",generic_or_no_specific_feature,https://apps.apple.com/us/app/id938003185,2026-09-24T12:49:24+00:00,40ddbb22eef76935a06d3cdca46de8b6bf85c7f8175246964f45d6cb63eab8bf,da69b3ef25c3ae78be9b857d8a98d9476886be6f2c18e8aded2730e93c5f2c19
robinhood,apple_app_store,US,2026.35.0,2026-08-31,"Here's what's under the hood in our latest update:
- Bug fixes and improvements",generic_or_no_specific_feature,https://apps.apple.com/us/app/id938003185,2026-09-24T12:49:24+00:00,40ddbb22eef76935a06d3cdca46de8b6bf85c7f8175246964f45d6cb63eab8bf,da69b3ef25c3ae78be9b857d8a98d9476886be6f2c18e8aded2730e93c5f2c19
robinhood,apple_app_store,US,2026.36.0,2026-09-08,"Here's what's under the hood in our latest update:
- Bug fixes and improvements",generic_or_no_specific_feature,https://apps.apple.com/us/app/id938003185,2026-09-24T12:49:24+00:00,40ddbb22eef76935a06d3cdca46de8b6bf85c7f8175246964f45d6cb63eab8bf,da69b3ef25c3ae78be9b857d8a98d9476886be6f2c18e8aded2730e93c5f2c19
robinhood,apple_app_store,US,2026.37.0,2026-09-14,"Here's what's under the hood in our latest update:
- Bug fixes and improvements",generic_or_no_specific_feature,https://apps.apple.com/us/app/id938003185,2026-09-24T12:49:24+00:00,40ddbb22eef76935a06d3cdca46de8b6bf85c7f8175246964f45d6cb63eab8bf,da69b3ef25c3ae78be9b857d8a98d9476886be6f2c18e8aded2730e93c5f2c19
robinhood,apple_app_store,US,2026.38.0,2026-09-21,"Here's what's under the hood in our latest update:
- Bug fixes and improvements",generic_or_no_specific_feature,https://apps.apple.com/us/app/id938003185,2026-09-24T12:49:24+00:00,40ddbb22eef76935a06d3cdca46de8b6bf85c7f8175246964f45d6cb63eab8bf,da69b3ef25c3ae78be9b857d8a98d9476886be6f2c18e8aded2730e93c5f2c19
trading212,apple_app_store,GB,8.29.1,2026-05-12,"Thank you for choosing Trading 212! This update includes:
- Usability improvements
- Bug fixes

Love the app? Rate us!
Any feedback or questions? Reach us at info@trading212.com",generic_or_no_specific_feature,https://apps.apple.com/gb/app/id566325832,2026-09-24T12:49:24+00:00,2ebb67aec561dc898dc2ec86d40d6528dc33468dac4bede48cd81e347cb702bf,8ed4adb9fade8177709a98ed0926bee26d943e9a1d6a9de0eb1ce237b35f6b0f
trading212,apple_app_store,GB,8.30.0,2026-05-14,"Thank you for choosing Trading 212! This update includes:
- Usability improvements
- Bug fixes

Love the app? Rate us!
Any feedback or questions? Reach us at info@trading212.com",generic_or_no_specific_feature,https://apps.apple.com/gb/app/id566325832,2026-09-24T12:49:24+00:00,2ebb67aec561dc898dc2ec86d40d6528dc33468dac4bede48cd81e347cb702bf,8ed4adb9fade8177709a98ed0926bee26d943e9a1d6a9de0eb1ce237b35f6b0f
trading212,apple_app_store,GB,8.30.1,2026-05-18,"Thank you for choosing Trading 212! This update includes:
- Usability improvements
- Bug fixes

Love the app? Rate us!
Any feedback or questions? Reach us at info@trading212.com",generic_or_no_specific_feature,https://apps.apple.com/gb/app/id566325832,2026-09-24T12:49:24+00:00,2ebb67aec561dc898dc2ec86d40d6528dc33468dac4bede48cd81e347cb702bf,8ed4adb9fade8177709a98ed0926bee26d943e9a1d6a9de0eb1ce237b35f6b0f
trading212,apple_app_store,GB,8.31.0,2026-05-21,"Thank you for choosing Trading 212! This update includes:
- Usability improvements
- Bug fixes

Love the app? Rate us!
Any feedback or questions? Reach us at info@trading212.com",generic_or_no_specific_feature,https://apps.apple.com/gb/app/id566325832,2026-09-24T12:49:24+00:00,2ebb67aec561dc898dc2ec86d40d6528dc33468dac4bede48cd81e347cb702bf,8ed4adb9fade8177709a98ed0926bee26d943e9a1d6a9de0eb1ce237b35f6b0f
trading212,apple_app_store,GB,8.32.0,2026-05-29,"Thank you for choosing Trading 212! This update includes:
- Usability improvements
- Bug fixes

Love the app? Rate us!
Any feedback or questions? Reach us at info@trading212.com",generic_or_no_specific_feature,https://apps.apple.com/gb/app/id566325832,2026-09-24T12:49:24+00:00,2ebb67aec561dc898dc2ec86d40d6528dc33468dac4bede48cd81e347cb702bf,8ed4adb9fade8177709a98ed0926bee26d943e9a1d6a9de0eb1ce237b35f6b0f
trading212,apple_app_store,GB,8.33.0,2026-06-04,"Thank you for choosing Trading 212! This update includes:
- Usability improvements
- Bug fixes

Love the app? Rate us!
Any feedback or questions? Reach us at info@trading212.com",generic_or_no_specific_feature,https://apps.apple.com/gb/app/id566325832,2026-09-24T12:49:24+00:00,2ebb67aec561dc898dc2ec86d40d6528dc33468dac4bede48cd81e347cb702bf,8ed4adb9fade8177709a98ed0926bee26d943e9a1d6a9de0eb1ce237b35f6b0f
trading212,apple_app_store,GB,8.34.0,2026-06-11,"Thank you for choosing Trading 212! This update includes:
- Usability improvements
- Bug fixes

Love the app? Rate us!
Any feedback or questions? Reach us at info@trading212.com",generic_or_no_specific_feature,https://apps.apple.com/gb/app/id566325832,2026-09-24T12:49:24+00:00,2ebb67aec561dc898dc2ec86d40d6528dc33468dac4bede48cd81e347cb702bf,8ed4adb9fade8177709a98ed0926bee26d943e9a1d6a9de0eb1ce237b35f6b0f
trading212,apple_app_store,GB,8.35.0,2026-06-18,"Thank you for choosing Trading 212! This update includes:
- Usability improvements
- Bug fixes

Love the app? Rate us!
Any feedback or questions? Reach us at info@trading212.com",generic_or_no_specific_feature,https://apps.apple.com/gb/app/id566325832,2026-09-24T12:49:24+00:00,2ebb67aec561dc898dc2ec86d40d6528dc33468dac4bede48cd81e347cb702bf,8ed4adb9fade8177709a98ed0926bee26d943e9a1d6a9de0eb1ce237b35f6b0f
trading212,apple_app_store,GB,8.36.0,2026-06-25,"Thank you for choosing Trading 212! This update includes:
- Usability improvements
- Bug fixes

Love the app? Rate us!
Any feedback or questions? Reach us at info@trading212.com",generic_or_no_specific_feature,https://apps.apple.com/gb/app/id566325832,2026-09-24T12:49:24+00:00,2ebb67aec561dc898dc2ec86d40d6528dc33468dac4bede48cd81e347cb702bf,8ed4adb9fade8177709a98ed0926bee26d943e9a1d6a9de0eb1ce237b35f6b0f
trading212,apple_app_store,GB,8.36.1,2026-07-01,"Thank you for choosing Trading 212! This update includes:
- Usability improvements
- Bug fixes

Love the app? Rate us!
Any feedback or questions? Reach us at info@trading212.com",generic_or_no_specific_feature,https://apps.apple.com/gb/app/id566325832,2026-09-24T12:49:24+00:00,2ebb67aec561dc898dc2ec86d40d6528dc33468dac4bede48cd81e347cb702bf,8ed4adb9fade8177709a98ed0926bee26d943e9a1d6a9de0eb1ce237b35f6b0f
trading212,apple_app_store,GB,8.37.0,2026-07-02,"Thank you for choosing Trading 212! This update includes:
- Usability improvements
- Bug fixes

Love the app? Rate us!
Any feedback or questions? Reach us at info@trading212.com",generic_or_no_specific_feature,https://apps.apple.com/gb/app/id566325832,2026-09-24T12:49:24+00:00,2ebb67aec561dc898dc2ec86d40d6528dc33468dac4bede48cd81e347cb702bf,8ed4adb9fade8177709a98ed0926bee26d943e9a1d6a9de0eb1ce237b35f6b0f
trading212,apple_app_store,GB,8.38.0,2026-07-09,"Thank you for choosing Trading 212! This update includes:
- Usability improvements
- Bug fixes

Love the app? Rate us!
Any feedback or questions? Reach us at info@trading212.com",generic_or_no_specific_feature,https://apps.apple.com/gb/app/id566325832,2026-09-24T12:49:24+00:00,2ebb67aec561dc898dc2ec86d40d6528dc33468dac4bede48cd81e347cb702bf,8ed4adb9fade8177709a98ed0926bee26d943e9a1d6a9de0eb1ce237b35f6b0f
trading212,apple_app_store,GB,8.38.1,2026-07-10,"Thank you for choosing Trading 212! This update includes:
- Usability improvements
- Bug fixes

Love the app? Rate us!
Any feedback or questions? Reach us at info@trading212.com",generic_or_no_specific_feature,https://apps.apple.com/gb/app/id566325832,2026-09-24T12:49:24+00:00,2ebb67aec561dc898dc2ec86d40d6528dc33468dac4bede48cd81e347cb702bf,8ed4adb9fade8177709a98ed0926bee26d943e9a1d6a9de0eb1ce237b35f6b0f
trading212,apple_app_store,GB,8.39.1,2026-07-17,"Thank you for choosing Trading 212! This update includes:
- Usability improvements
- Bug fixes

Love the app? Rate us!
Any feedback or questions? Reach us at info@trading212.com",generic_or_no_specific_feature,https://apps.apple.com/gb/app/id566325832,2026-09-24T12:49:24+00:00,2ebb67aec561dc898dc2ec86d40d6528dc33468dac4bede48cd81e347cb702bf,8ed4adb9fade8177709a98ed0926bee26d943e9a1d6a9de0eb1ce237b35f6b0f
trading212,apple_app_store,GB,8.40.0,2026-07-23,"Thank you for choosing Trading 212! This update includes:
- Usability improvements
- Bug fixes

Love the app? Rate us!
Any feedback or questions? Reach us at info@trading212.com",generic_or_no_specific_feature,https://apps.apple.com/gb/app/id566325832,2026-09-24T12:49:24+00:00,2ebb67aec561dc898dc2ec86d40d6528dc33468dac4bede48cd81e347cb702bf,8ed4adb9fade8177709a98ed0926bee26d943e9a1d6a9de0eb1ce237b35f6b0f
trading212,apple_app_store,GB,8.41.0,2026-07-30,"Thank you for choosing Trading 212! This update includes:
- Usability improvements
- Bug fixes

Love the app? Rate us!
Any feedback or questions? Reach us at info@trading212.com",generic_or_no_specific_feature,https://apps.apple.com/gb/app/id566325832,2026-09-24T12:49:24+00:00,2ebb67aec561dc898dc2ec86d40d6528dc33468dac4bede48cd81e347cb702bf,8ed4adb9fade8177709a98ed0926bee26d943e9a1d6a9de0eb1ce237b35f6b0f
trading212,apple_app_store,GB,8.42.0,2026-08-06,"Thank you for choosing Trading 212! This update includes:
- Usability improvements
- Bug fixes

Love the app? Rate us!
Any feedback or questions? Reach us at info@trading212.com",generic_or_no_specific_feature,https://apps.apple.com/gb/app/id566325832,2026-09-24T12:49:24+00:00,2ebb67aec561dc898dc2ec86d40d6528dc33468dac4bede48cd81e347cb702bf,8ed4adb9fade8177709a98ed0926bee26d943e9a1d6a9de0eb1ce237b35f6b0f
trading212,apple_app_store,GB,8.43.0,2026-08-13,"Thank you for choosing Trading 212! This update includes:
- Usability improvements
- Bug fixes

Love the app? Rate us!
Any feedback or questions? Reach us at info@trading212.com",generic_or_no_specific_feature,https://apps.apple.com/gb/app/id566325832,2026-09-24T12:49:24+00:00,2ebb67aec561dc898dc2ec86d40d6528dc33468dac4bede48cd81e347cb702bf,8ed4adb9fade8177709a98ed0926bee26d943e9a1d6a9de0eb1ce237b35f6b0f
trading212,apple_app_store,GB,8.44.0,2026-08-21,"Thank you for choosing Trading 212! This update includes:
- Usability improvements
- Bug fixes

Love the app? Rate us!
Any feedback or questions? Reach us at info@trading212.com",generic_or_no_specific_feature,https://apps.apple.com/gb/app/id566325832,2026-09-24T12:49:24+00:00,2ebb67aec561dc898dc2ec86d40d6528dc33468dac4bede48cd81e347cb702bf,8ed4adb9fade8177709a98ed0926bee26d943e9a1d6a9de0eb1ce237b35f6b0f
trading212,apple_app_store,GB,8.44.1,2026-08-22,"Thank you for choosing Trading 212! This update includes:
- Usability improvements
- Bug fixes

Love the app? Rate us!
Any feedback or questions? Reach us at info@trading212.com",generic_or_no_specific_feature,https://apps.apple.com/gb/app/id566325832,2026-09-24T12:49:24+00:00,2ebb67aec561dc898dc2ec86d40d6528dc33468dac4bede48cd81e347cb702bf,8ed4adb9fade8177709a98ed0926bee26d943e9a1d6a9de0eb1ce237b35f6b0f
trading212,apple_app_store,GB,8.45.0,2026-08-27,"Thank you for choosing Trading 212! This update includes:
- Usability improvements
- Bug fixes

Love the app? Rate us!
Any feedback or questions? Reach us at info@trading212.com",generic_or_no_specific_feature,https://apps.apple.com/gb/app/id566325832,2026-09-24T12:49:24+00:00,2ebb67aec561dc898dc2ec86d40d6528dc33468dac4bede48cd81e347cb702bf,8ed4adb9fade8177709a98ed0926bee26d943e9a1d6a9de0eb1ce237b35f6b0f
trading212,apple_app_store,GB,8.46.0,2026-09-03,"Thank you for choosing Trading 212! This update includes:
- Usability improvements
- Bug fixes

Love the app? Rate us!
Any feedback or questions? Reach us at info@trading212.com",generic_or_no_specific_feature,https://apps.apple.com/gb/app/id566325832,2026-09-24T12:49:24+00:00,2ebb67aec561dc898dc2ec86d40d6528dc33468dac4bede48cd81e347cb702bf,8ed4adb9fade8177709a98ed0926bee26d943e9a1d6a9de0eb1ce237b35f6b0f
trading212,apple_app_store,GB,8.47.0,2026-09-11,"Thank you for choosing Trading 212! This update includes:
- Usability improvements
- Bug fixes

Love the app? Rate us!
Any feedback or questions? Reach us at info@trading212.com",generic_or_no_specific_feature,https://apps.apple.com/gb/app/id566325832,2026-09-24T12:49:24+00:00,2ebb67aec561dc898dc2ec86d40d6528dc33468dac4bede48cd81e347cb702bf,8ed4adb9fade8177709a98ed0926bee26d943e9a1d6a9de0eb1ce237b35f6b0f
trading212,apple_app_store,GB,8.48.0,2026-09-17,"Thank you for choosing Trading 212! This update includes:
- Usability improvements
- Bug fixes

Love the app? Rate us!
Any feedback or questions? Reach us at info@trading212.com",generic_or_no_specific_feature,https://apps.apple.com/gb/app/id566325832,2026-09-24T12:49:24+00:00,2ebb67aec561dc898dc2ec86d40d6528dc33468dac4bede48cd81e347cb702bf,8ed4adb9fade8177709a98ed0926bee26d943e9a1d6a9de0eb1ce237b35f6b0f
trading212,apple_app_store,GB,8.48.1,2026-09-22,"Thank you for choosing Trading 212! This update includes:
- Usability improvements
- Bug fixes

Love the app? Rate us!
Any feedback or questions? Reach us at info@trading212.com",generic_or_no_specific_feature,https://apps.apple.com/gb/app/id566325832,2026-09-24T12:49:24+00:00,2ebb67aec561dc898dc2ec86d40d6528dc33468dac4bede48cd81e347cb702bf,8ed4adb9fade8177709a98ed0926bee26d943e9a1d6a9de0eb1ce237b35f6b0f
