category,cluster_id,n_total,n_sampled,was_sampled,n_chunks,title,description,corrected,correction_note,quote1_review_id,quote1,quote2_review_id,quote2,quote3_review_id,quote3
ACCOUNT_ACCESS_AUTH,0,119,119,False,3,Coinbase identity-verification waitlist blocks trading,"A majority of the sampled reviews (about 55%, mostly Coinbase users, with some Trading 212 users also affected) describe getting stuck for days to months on an identity-verification ""waitlist"" or repeatedly failing KYC checks, leaving them unable to trade or withdraw funds already deposited. A smaller share report unrelated login or app-crash problems.",False,,b55ed7397872186764420efc,bekomme nach wie vor die Meldung für die Verifizierung stehe ich auf der Warteliste.,76ca4dce4365baa6ed2cacc5,Seit nun über 3 Wochen auf der Warteliste für die Verifizierung.,056d54b46b502793e8a7e371,"Impossible de faire vérifier mon identité, application complètement bugué."
ACCOUNT_ACCESS_AUTH,1,4170,150,True,3,"Login lockouts from a mix of causes, most often generic identity verification failures","A majority of the sampled reviews (about two-thirds, spread across Coinbase, Robinhood, and Trading 212) describe being locked out of login. The single largest identifiable cause is generic identity or document/selfie verification failing or looping (roughly a quarter of the sample), not phone-number/2FA changes specifically, which account for a smaller minority (well under 10%). The remainder is a mix of frozen/restricted accounts with no stated reason, forgotten passwords, and app bugs preventing sign-in -- meaning 'locked out of login' is better understood as a broad umbrella than a single dominant mechanism.",True,"Rating pass (group5) flagged the original claim that reviewers are locked out 'most often' due to phone-number/2FA issues as overstating that sub-theme's dominance, estimating it covers only 15-20% of the sample against a larger share of generic verification-loop and other-cause lockouts. Independent regex count across the 150-review sample: phone/2FA-change causal language in 10/150 (6.7%); generic verification/identity-document language in 40/150 (26.7%) -- roughly four times more common. Title and description rewritten to name generic identity verification as the largest identifiable sub-theme rather than phone/2FA changes, and to disclose the cluster's genuine heterogeneity instead of implying one dominant causal mechanism. Quotes unchanged -- all three remain accurate examples of lockout in general, and none specifically claims to represent the (now-removed) 'most often' framing on its own.",37896f0dcfd89ad6eafa102d,I currently have money stuck in this app because I lost access to the phone number and the only way to recover it is there crappie ai face software that can't tell that I grew a beard.,e412bf50a99ad0f2a2141a0e,"Do NOT use this brokerage. Customer support is nonexistent and if you get locked out of your account your money is untouchable. You'll get stuck in endless loops of verifying your account and mobile number only to be told to wait until the next day, you try again and it's the same thing.",a9d60c20742d991bb5797e70,"I have a new phone number. I was able to login at first, but when I tried to update my phone number it locked me out, now there is absolutely no way to contact support."
ACCOUNT_LIFECYCLE,0,124,124,False,3,"Praise for fast, easy account sign-up","A majority of the sampled reviews (about 54%) are positive, praising how quick and easy it was to open an account and start trading across Coinbase, Robinhood, and Trading 212; a smaller minority mention slow or overly long verification or setup steps.",False,,e17e46a72ebb0495d444dea6,"I signed up with robinhood due to wanting to get into stocks and within literal minutes, I was verified no muss no fuss.",294ed47fcb9838e1de9abe03,Opening an ISA account was very easy and adding funds was also simple.,18d37a69220acda0edd95480,it's very easy to sign up and start trading. Very quick and easy!
ACCOUNT_LIFECYCLE,1,449,150,True,3,New sign-ups blocked by phone/document verification failures,"A majority of the sampled reviews (about 61%, spanning Coinbase, Robinhood, and Trading 212) describe being unable to complete new-account creation, most commonly because phone numbers are rejected as ""virtual,"" SSN/national-ID checks fail, or submitted proof-of-address documents are repeatedly rejected.",False,,d468c499d9c0e6e73f34c46e,Been trying to create an account for a week now. Keeps telling my cannot verify my ss number.,a11473a9f5074b6ad0d86bf9,Not able to get past the point where it wants my phone number as I put in my LEGIT REAL cell phone number and it doesn't allow it.,3c9e3ee7cfeb0a84cb9ae534,I found it was impossible to Sign up for this sevice. having provided a passport and 4 different proofs of address each one was rejected for wrong country then the app blocks for 24 hours for too many attempts.
ACCOUNT_LIFECYCLE,2,141,141,False,3,"Coinbase closes accounts with no explanation, trapping funds","A large majority of the sampled reviews (about 70%, overwhelmingly Coinbase) describe the platform abruptly closing, restricting, or freezing accounts with no explanation and no way to appeal, often while the account still holds funds or crypto.",False,,376260fbcc7e392836980f4e,"Today my account was closed, it's irreversible, and a final decision made by CB. CANT GET ANY REASON WHY.",1720c82648f0d9655303b0a9,"Coinbase is a joke. They are deciding to close my account and refuse to provide a reason. Every time I try and contact support, I can not get through to anyone.",d526ad4e986be80c3a999d35,"Went to open an account, got an error message, and then an email saying they believed I violated TOS and I am no longer allowed to use their service."
ACCOUNT_LIFECYCLE,3,146,146,False,3,Robinhood account closures/restrictions trap customer funds,"A large majority of the sampled reviews (about 70%, almost all Robinhood) describe Robinhood closing, restricting, or freezing accounts without explanation, or making it extremely difficult for the customer to close an account and withdraw the remaining balance.",False,,872ca1a3f7be3249d66c86e7,"Without reason or notice, Robinhood canceled my account, sold off all of my stocks, and will NOT let me withdraw my money from the account.",965768faf08e434c67a6c0f8,"Robinhood held my money for months with no explanation, then closed my account without reason.",6298efb50e53cc61f76e06c9,RobinHood is a scam! they take your money but make it practically impossible to close your accounts they make it so hard to find out how to do it
ACCOUNT_LIFECYCLE,4,144,144,False,3,Account closure fights over trapped funds and continued billing,"The large majority of the sampled reviews (about 88% mention closing/deleting/deactivating an account, split between Coinbase and Robinhood) describe either the platform abruptly closing/blocking the account while funds are still in it, or the platform blocking the customer's own attempt to close an account while continuing to bill fees.",False,,61c570b36aaf90667becc156,Horrible customer service/support. so much so they make it a problem to extract funds and just close the account.,dbcf4f687c07d2bec9a7a961,DO NOT GET COINBASE THEY WILL BLOCK YOUR ACCOUNT WITHOUT ANY REASON,88446b60a431bb4d20754077,scam won't let me deactivate because I have 100 dollars in it but it won't let me withdraw it but it charges me 5 dollars a month for using it
ACCOUNT_LIFECYCLE,5,105,105,False,3,No self-service way to delete or cancel an account,"A large majority of the sampled reviews (about 81%, mostly Robinhood with a meaningful share of Coinbase) report that there is no straightforward way to close, delete, deactivate, or cancel a subscription in-app; a notable subset of these also report continued billing after they believed the account was cancelled.",False,,07574627fa1d97bf34113c74,too many hoops to delete or deactivate account,a8c4b5e43bfe36216a5175e8,I have tried to close my account and they are charging me for a membership that I never consented for. There is no easy way just to close the account either.,e8149a8349e22f97c16ed6d3,"You have to jump through so many hoops to close your account, they have made it almost impossible"
ADVERTISING_NOTIFICATIONS,0,199,150,True,3,Relentless upsell pop-ups and misleading sign-up bonuses,"The large majority of sampled reviews (this is the dominant pattern in the cluster, not a minority signal) describe being bombarded with in-app pop-ups pushing Robinhood Gold, prediction markets/gambling features, or credit-card offers every time the app is opened, and a recurring secondary complaint within that majority is that advertised referral or sign-up bonuses (e.g. ""up to $200"") turn out to be far smaller than advertised.",False,,e7bdf9a41f7498e977664004,Now it's just an AD for gambling and their premium product. It constantly asks multiple times a day to try gambling and/or upgrade.,1475ab5b154498452b796524,"I signed up after clicking what I believed was a $200 promotion. After opening my account, I learned the reward was randomized, and Robinhood support confirmed 98% of users receive only $5 to $10.",0fade73defb4751c08f65ac3,"Ridiculously repetitive popups about unwanted offers from Robinhood within the app. No optout, no way to disable the repetitive annoying robinhood popups."
ADVERTISING_NOTIFICATIONS,1,214,150,True,3,"Ads and pop-ups frustrate most users, though a minority likes the promos","Most of the short, terse reviews sampled in this cluster complain about intrusive, hard-to-close ads and pop-ups (some referencing third-party ads shown outside the app itself), and this negative reaction outnumbers positive mentions; however, a real minority of sampled reviews instead praise the app's giveaways, referral rewards, or specifically note it as ad-free, so the ad complaints, while the majority, are not the only voice in this cluster.",False,,ff2f8b6c7da095680ca1f87d,I've gotten stuck inside their as countless times bc of how tiny the x is to end it!,8e17bb4cdc7521973967c964,"if i have to see one more offer pop-up add, I think i will move my money somewhere else and delete the app.",34bba28cae61b61fe53d1a27,"Extremely User friendly, plus I won a huge Amount in USDC prize in the opt in promotion"
ADVERTISING_NOTIFICATIONS,2,107,107,False,3,Notification overload with no reliable way to opt out,"A clear majority of the (unsampled, fully-read) reviews in this cluster report being bombarded with excessive push notifications, marketing emails, spam calls, or in-app review prompts, and many explicitly say that disabling notifications in settings does not actually stop them.",False,,4d35ec258e07f1a299d1424f,Push notifications and in-app banner messages are both heavily flawed. Risky or otherwise unappealing offers appear again and again after dismissal.,c0b50d7bc3efa67b216beaa0,They sell your data. Had no spam calls daily until I gave them my phone number and now I get at least 3 a day. Wouldn't recommend.,3b1d5bdbb75cbef9e3cfde24,Too many push notifications that can't be disabled.
APP_STABILITY_PERFORMANCE,0,82,82,False,2,"Praise for a stable, fast, bug-free app","The clear majority of the sampled reviews (well over half, spread across Coinbase, Robinhood, and Trading 212) are positive, describing the app as stable, fast, and free of crashes or bugs; a minority mention occasional glitches, slowdowns, or issues that appeared after an update.",False,,28e99f0febfdeebb2894f72b,"Works flawlessly, never an issue in last 7 yrs using it.",fa643b311ee51de227956888,Coinbase is smooth and dependable fast. I trust this Platform.,fb7eb1d9d0bbafeaf5c47dd0,The app runs really reliably and well on Android.
APP_STABILITY_PERFORMANCE,1,326,150,True,3,"Short, positive reports of stable, fast performance","The large majority of the sampled reviews in this cluster are brief positive comments about speed and stability (e.g. ""fast,"" ""stable,"" ""reliable,"" ""works great"") across Coinbase, Robinhood, and Trading 212; a small minority mention crashes during setup or occasional glitches, particularly in German-language reviews about photo/ID capture crashing.",False,,7e74619a17dcf6d59ee6e929,Very stable app.,79488e02dd131f5686d513fc,fast and reliable,8cb609bd683d352fd8202d59,"Very easy to use, quick, reliable."
APP_STABILITY_PERFORMANCE,2,1576,150,True,3,"Slowness, freezing, and crashes during active trading","A majority of the sampled reviews (over half, overwhelmingly Coinbase) report the app being slow, freezing, or crashing, especially during high-volume trading or price swings, which reviewers say causes missed trades and financial losses.",False,,643b91589a2eb880cea176bf,"coinbase is too large of a company to have such a crappie,freezing all the time app.",d79064f720c61bdacdf7f965,You will 100% miss trades because of this app. 70% of the time its so slow you cant even put an order through without having to restart the app 5 times.,9fb30255c8fde2d904fdec91,"App crashes every time now. Used to work but now every single time I try to open the credit card section or Coinbase One section, it crashes."
APP_STABILITY_PERFORMANCE,3,2288,150,True,3,"App fails to open, crashes, or breaks after updates","A large share of the sampled reviews (well over half, across Coinbase, Robinhood, and Trading 212) report the app failing to open or load, freezing, or crashing outright, frequently tied to a recent update or device incompatibility.",False,,bc79fb960a3c15ec94a152a0,hardly ever works. freezes all the time. terrible app. almost unusable,4203a9591d53be59899b5bfa,"On OnePlus 13 and OnePlus 10t, the app keep freezing every single minute or less of use! It's almost completely unusable now!",e5dc52c05b4523222e1500a1,"The new update ruined the app. The app was functioning perfectly, until the developers ruined it with unnecessary functions. Now its glitchy, slow and not intuitive anymore."
ASSET_COVERAGE,0,691,150,True,3,Requests for broader asset and account-type coverage,"Most reviewers in this cluster (spanning Coinbase, Robinhood, and Trading 212) are not complaining about bugs but asking the platform to list more assets or account types than it currently supports -- additional cryptocurrencies, missing stocks/ETFs, or account types like ISA/SIPP -- rather than reporting something broken.",False,,761c252b537473d24e97ed4b,"Get with the program, and add XRP to your crypto lineup, Robinhood! When you do that, I will change my rating. You have Shiba, but you do not have XRP??? Makes no sense!",1368877f416da9c01bebb7e2,"only limited options in ISA, no SIPP. No options to buy UK, EU or international stocks",8ef1977460ef884247b05e18,Wish there was more options for crypto
ASSET_COVERAGE,1,153,150,True,3,Coinbase geo-blocking existing users out of their accounts,"The large majority of this cluster (almost entirely Coinbase, with a handful of Trading 212/Robinhood) reports being unable to access, fund, or withdraw from an already-used account because the service is unavailable or has been withdrawn in their country (frequently named: Nigeria, India, Pakistan, South Africa, Bangladesh, Kenya, Uganda, UK, Canada). A smaller minority (roughly 3-4 of the 150 sampled reviews) instead describe never having been able to sign up or use the service at all from their country, rather than losing access to an account they had used before.",True,"Rating pass (group3) flagged that one of the three original supporting quotes (review b57f551bda6a7aad5b3c4d1e: 'Am new to using Coinbase but the issue is that it has no payment methods supported in my country(Uganda)') directly contradicts the item's 'existing user' framing -- that reviewer explicitly says they are new to the app, not an existing user losing access. Independent count found 4/150 sampled reviews with clear first-time/new-user framing (a real minority, not a rounding error), so the description now explicitly discloses that minority instead of implying the cluster is 100% existing-user lockouts. The contradicting quote was replaced with review f6ed0ee5b984db54aafeedba, which explicitly states past usage ('it used to accept users from my country but now it doesn't') and is a correctly-grounded example of the majority pattern.",00007602ae17b7ab87ee51c9,Coinbase app don't work anymore in Nigeria,f6ed0ee5b984db54aafeedba,"What happened to this exchange. It used to accept users from my country but now it doesn't. I'm only able to use the wallet, it's still bad,coinbase was much ea",422b37296f20be62a0164ee6,The only thing is that Coinbase is not supported in my country (South Africa) which is big inconvenience since I was looking forward to investing in C
ASSET_COVERAGE,2,40,40,False,1,Prospective users asking for country expansion,"Nearly every review in this cluster is a short, prospective request -- from users who have not yet been able to use the app -- asking Trading 212 or Coinbase to launch or add support for their country (Nigeria, Pakistan, Bangladesh, South Africa, Indonesia, Malaysia, and others), distinct from the frustration of already-onboarded users being cut off.",False,,cbf14485fda2ffe78efd208e,Please make this app available in south africa,4ecd5bd7a50b74e1595650e5,good morning please why is the app not working in Nigeria I really want this app I love it but it not working in Nigeria why,997863bfaaab8ec2ca9295bd,"Genuinely I haven't tried it out yet cause it doesn't support Malaysia yet but I've head great reviews from Mark Tilbury, hopefully it just to support in Malaysia."
ASSET_COVERAGE,3,123,123,False,3,Sign-up blocked by country-of-residence selection,"Almost all reviews here describe the account-creation flow itself failing on the country-of-residence step -- most often Trading 212 explicitly not supporting the United States, but also Canada, UK, and other countries missing from residency dropdowns or rejected during identity verification -- a narrower, sign-up-specific version of the broader geo-restriction complaints in this category's other clusters.",False,,fc5a759ec501d120d5659116,How the hell do you not support the US? come on. 1 star!,b22ed8e8ee4677b0698c7dca,"I've heard great things about this app, but when I go to select my country of residence, United States of America is not listed on there, so therefore, I cannot use the app like I wanted to.",a35b7f3f623d3540dc9c2597,"Does not allow me to sign up, as a glitch is forcing Canada to not appear in the list of countries. I have spent hours trying to resolve this."
CHARTING_TOOLS,0,24,24,False,1,Portfolio Chart/Graph Bugs After Updates,"A minority of the sampled reviews (roughly 6-7 of 24, about a quarter), mostly from Coinbase users, report that portfolio charts or graphs disappeared, froze, or showed incorrect data after a recent app update. The rest of the cluster is a mix of requests for new charting features (dividend calendars, benchmark comparisons, candlestick views) and general Trading 212 charting praise, so no single theme is a majority.",False,,d821a2c3e7ef018fa17c5e75,Grafen werden nicht angezeigt und somit der Verlauf der Werte nicht erkennbar.,b649799e85ef1f6ea43cc2f6,Die grafische Darstellung im Portfolio ist einfach verschwunden.,4f697eb71ef6ce209e30dcd4,Seit mehrere Tage/Wochen spinnt das Portfolio Diagram. Es werden einfach falsche Informationen gegeben.
CHARTING_TOOLS,1,989,150,True,3,"Charts That Fail to Load, Freeze, or Stop Updating","A plurality of sampled reviews (about 26%, 39/150) describe charts or graphs that fail to load, freeze, lag, or stop updating, with this problem concentrated heavily on Coinbase (23 of the 39) and also reported by Robinhood and Trading 212 users. The remaining majority of reviews is split between requests for more advanced charting features (indicators, TradingView-style tools, candlesticks, dividend calendars) and general praise for the existing charts, so chart-loading bugs are the single largest theme but not an outright majority.",False,,e67f38833b316a8a5617f0a3,I actually hate this app now. The charts NEVER work and the app is basically useless during periods of high market activity.,c4335cc4f398875ca4847a94,"This app constantly needs to be force-stopped and the cache wiped just to get individual coins to load the charts or even any account records, otherwise you just get constant loading.",9ab418315575ca52195c9993,"the app has been failing miserably at updating with real-time data, the graph is just gray and will not update."
CRYPTO_SPECIFIC,0,1134,150,True,3,"Locked, Frozen, or Delayed Access to Crypto Funds","A majority of sampled reviews (52%, 78/150) — overwhelmingly about Coinbase — describe accounts being frozen or restricted, or crypto/cash being held or locked, so that transfers, withdrawals, selling, or unstaking are blocked for days to weeks, often accompanied by unresponsive customer support.",False,,7f389396cc618b26794682ae,"DO NOT STAKE ON COINBASE!! THEY SAY IT'S 5 DAYS, BUT THEN THE UNSTAKING IS ANOTHER 5 DAYS, I'M ON 8 DAYS AND STILL NO UNSTAKING.",91d044c18e0ddd9853311a4d,I bought cryptocurrency and they held it for 6 days then when I tried to send it to a wallet they put a hold on it saying It may be suspicious activity,4c9baeef537d14ad0827dc38,not once does it say 20 days but it does in fact take 20 days plus 5 days after pressing after unstake button
CRYPTO_SPECIFIC,1,241,150,True,3,"Broad Positive Reception, With a Beginner-Friendly Sub-Theme","A clear majority of sampled reviews (62%, 93/150) are short, positive statements praising the app (mostly Coinbase). Most of this praise is generic ('great app', 'best crypto app') with no beginner-specific framing; a minority of the positive reviews (roughly an eighth to a sixth of them) explicitly frame the app as easy for someone new to crypto. A small number of reviews (about a dozen) raise problems such as staking confusion or being unable to send crypto.",True,"Rating pass (group6) flagged that the original title/description framed nearly all of the 62% positive majority as specifically 'beginner-friendly' praise, when most of it is generic positive sentiment with no beginner language, and that the chosen quotes were drawn from the beginner-flavored minority rather than being representative. Independent check: of the 89 reviews matching general positive-sentiment language, only 12 (13.5%) also contain explicit beginner/new/starting language. Title and description rewritten to lead with the broader generic-positive pattern and name the beginner framing as a real but secondary sub-theme rather than the dominant character of the cluster. Quotes unchanged -- they are accurate examples of the (now explicitly labeled as minority) beginner-framed sub-theme, not representative of the whole cluster, which the corrected description now makes clear.",de7f419544ee27bd419283f7,Great starting point for the new to crypto crowd!,a3fba5b18f7cd2426d639727,"Awesome app really teaches you alot about crypto if your new to it,easy to use, definitely the best app I've found so far",c00363bfd7c1bd523b51c28a,easy to use for a first time crypto guy
CRYPTO_SPECIFIC,2,633,150,True,3,"General Satisfaction with Ease and Speed of Buying, Selling, and Trading Crypto","A strong majority of sampled reviews (71%, 106/150) express general satisfaction with how easy, fast, or reliable it is to buy, sell, or trade crypto on the app (mostly Coinbase, with some Robinhood and Trading 212), while only a small minority (about 6 reviews) specifically ask for a wider variety of available coins.",False,,c181b9262d508a6f5aea9add,awesome cryptocurrency app great wallet easy transfers.,fe791681e877b47379e518e5,This is the best and easiest app to buy sell and trade crypto. Super low fee and you can send and receive crypto so fast.,0e1b4db4491458a517b287d8,It’s the best and fastest way to send and receive crypto
CRYPTO_SPECIFIC,3,276,150,True,3,"Strong Loyalty and Trust in Coinbase, Driven Partly by Learn-and-Earn Rewards","This cluster is almost entirely about Coinbase (146/150 reviews), and a clear majority (68%, 102/150) express strong positive sentiment and trust in the platform. Within that, a notable minority (13%, 20/150) specifically single out the 'Learn and Earn' educational rewards program as a standout feature driving their loyalty, while a few reviews note frustration that these rewards became less frequent.",False,,bd9e088e8159a31071e3e14c,One of the best tools for learning about crypto currencies and more. I will always consider the platform to all. Thank you Coinbase!,dbe046392a1630cd3e6e0fb3,I Started last bull run as rookie beginner and thanks to all the lessons coinbase offer for free. I became a profitable trader,1341e2f8bd25584503d629c6,"they actually pay you to learn more about making money 💰 That's unheard of, where else you going to find an app that pays you over 50 dollars on your lunch break to just learn more about crypto buying and trading"
CRYPTO_SPECIFIC,4,131,131,False,3,Learn-and-Earn Crypto Education Rewards Program,"A majority of sampled reviews (at least 52%, 68/131, explicitly mention both 'learn' and 'earn', with many additional reviews referencing the same 'earn free crypto'/rewards feature using only one of those words) praise Coinbase's 'Learn and Earn' feature, which pays users in crypto for completing short educational modules and quizzes about individual coins. A small number of reviews note frustration that these rewards have become scarce, discontinued, or unavailable in their region.",False,,c032d843e9dc2db77331ba63,"LEARN AND EARN 🤩🤑 As a complete newbie to anything crypto , I highly would recommend anyone to try this app .",d7a60149c46f7ee24ead146d,Learn and earn makes all the difference in the world. For people out there who let the idea of digital currency intimidate this is the remedy.,a27c24fde2d45d6f6526962b,i've had this app a few years and have made a good amount of crypto through learning rewards but unfortunately they stopped doing that now. so I lowered my rating to four
CUSTOMER_SUPPORT,0,95,95,False,2,Long verification wait times and unreachable support (mostly Coinbase),"The large majority of these reviews, mostly Coinbase with some Trading 212, describe being stuck for days or weeks on identity-verification waitlists with no way to reach a human, and describe the chatbot or the lack of any phone/email option as effectively useless.",False,,71d344ab6cdd635d32b66c65,"Seit 6 Wochen auf der Warteliste und kein Ende in Sicht! Support hilft nicht weiter, mein Geld kann ich mir abschreiben! Danke für nichts",1ab6456f6c521b98706f2742,"Bei coinbase gibt es keinen Support! Keine Telefonnummer, keine Email-Adresse, kein Kontakt-Formular, nichts!",97fbd8ae2bb18f30e78394c9,Ich kann mich seit über einem Monat nicht einloggen. Support ist absolut unfähig. Nehmt lieber was anderes!
CUSTOMER_SUPPORT,1,4357,150,True,3,"Support seen as slow, bot-gated, and unhelpful across platforms","A clear majority of sampled reviews describe customer support, chatbots that block escalation, and multi-hour wait times as the platform's biggest weakness, spanning Coinbase, Robinhood, and Trading 212; a smaller minority of reviews in the sample instead praise the support they received.",False,,b0de7ff0c65b3ae87d3d0407,"The chatbot is the gatekeeper to any real help, and it’s impossible to get past it. It keeps asking me to choose from a list of options, none of which match my problem. My account is locked, and the bot wants to teach me about market trends. Absolutely useless.",6afffcba95902f0ef7a6a64c,Chat bot is trash and the chat itself just randomly disconnects and makes you start the customer support session all over,e2c0191067975400016a795e,A waiting time of 4 hours to get assistance... This is ridiculous.
FEES_SUBSCRIPTION,0,466,150,True,3,Low or zero-commission trading praised as a core strength,"The large majority of sampled reviews, across Robinhood, Trading 212, and Coinbase, cite low or zero trading fees and commissions as one of the app's best features; only a small minority raise fee-transparency concerns, such as an unclear per-trade fee.",False,,f3452bf2e0b46be0ac654b21,Best broker for low fees investing,fa4041375112d452884a5ab7,"Great UX. Fee-free ISA investing, best app on the market for stocks and shares.",d490dd89aff479bc6d4e4c82,Can't fault it. zero fees trading 🙌🏻
FEES_SUBSCRIPTION,1,212,150,True,3,"Coinbase's standard fees seen as high, offset by the Coinbase One subscription","In this Coinbase-dominated cluster, a majority of reviewers describe standard transaction fees as high or a downside, and a large share of those reviews pair the complaint with a mention that the paid Coinbase One membership reduces or eliminates the fees.",False,,ab23867c9972ffa6feb7891d,"last time I used it they killed me with fees and fines. but now that I have coinbase 1, they do not",2ccd16455888eb8eddbc74bf,Coinbase and safe and legit. I have been on Coinbase One and it has never disappointed. Fees could be lower for tramsactions and withdrawals.,9ab000686559d0333ba9d10b,Fees are high when using the free account but if you buy the subscription it's way better. Great way to get into crypto if you're new
FEES_SUBSCRIPTION,2,882,150,True,3,"High, hidden, or 'stacked' fees drive strong dissatisfaction (mostly Coinbase)","A clear majority of sampled reviews, overwhelmingly about Coinbase, describe fees as excessively high, hidden, or charged at multiple points in a single transaction (buying, selling, transferring, withdrawing), with many reviewers calling the platform a scam or rip-off as a result.",False,,16f191b5561b967fa0272948,Ridiculously high fees. Greedy exchange.,d33fb1956a1f3487c44ea339,"Fees are insane, especially if you do the market order which is default and misleading to new users. I will never use Coinbase again and tell everyone I know to avoid it.",2b9fa69d11b435eaaaf2ee4c,"deceptive company, will steal your money through hidden fees when acquiring crypto then hit you again when you try to do anything with the acquired crypto in their ""wallets""."
FEES_SUBSCRIPTION,3,91,91,False,2,"Unauthorized Robinhood Gold enrollment, with a smaller pattern of steep account-transfer fees","This Robinhood-only cluster is dominated by one recurring complaint, present in roughly half of the sampled reviews: reviewers say they were auto-enrolled in the paid Gold membership and charged without consent. A smaller minority (roughly one in ten of the sampled reviews) separately report that transferring an account out triggered an undisclosed fee of roughly $100. The two complaints are related (both about unexpected charges) but are not equally common.",True,"Rating pass (group4) flagged the original description's 'dominated by two recurring complaints...present in a majority' framing as presenting the transfer fee as co-equal to the Gold-enrollment complaint when it is a much smaller minority. Independent keyword count across the 91-review sample: 'Gold' mentioned in 44/91 (48.4%, matching the roughly-half claim), transfer-fee/$100 language in 10/91 (11.0%). Title and description rewritten so the transfer-fee pattern is described as a smaller, secondary theme rather than co-equal with the Gold-enrollment complaint. The $100-fee quote itself was independently confirmed by the rating agent to be real, verbatim, and not misleading in isolation, so quotes are unchanged -- only the framing of relative prevalence was corrected.",96147bc218da3b33d6dba43e,"I somehow got signed up and charged for a ""Gold"" accoubt that I never wanted. Robinhood refused to do anything to fix it.",1be6c9342557b5822ecfa44e,"I haven't been on this app for a bit, and I noticed they were pulling $5 dollars out of my account each month. Turns out, I got subcribed to robinhood gold, which I never subcribed myself to.",ed80f9e6945d9d1692758be1,They charged me $100 for a digital stock transfer. No indication of the fee while going through the process.
FEES_SUBSCRIPTION,4,371,150,True,3,High or hidden fees and unauthorized subscription charges (Coinbase and Robinhood),"A majority of sampled reviews, spanning both Coinbase and Robinhood, complain about high or hidden fees and, frequently, about being charged for a subscription (Coinbase's paid plan or Robinhood Gold) that they say they never authorized or could not easily cancel.",False,,a8c4b5e43bfe36216a5175e8,I have tried to close my account and they are charging me for a membership that I never consented for. There is no easy way just to close the account either.,787a9f5a0eb441d4e2fb207a,high fees and hidden fees stay away,d08c757b1f8824d26ee7e461,be careful. I was charged a fee buried somewhere in 20 disclosures. it is fraud in my book.
FEES_SUBSCRIPTION,5,199,150,True,3,Low fees widely praised as a satisfaction driver across all three apps,"A large majority of sampled reviews, across Robinhood, Trading 212, and Coinbase, describe fees as low, fair, or nonexistent and cite this as a reason they like the app; complaints about fees are only a small minority in this particular cluster.",False,,340ba642e0ca9cf46f775eb7,great platform easy to navigate and 0% commission.. What's not to like,e8e8373f1ffe21c52d526118,"Great platform, low fees",ceda2c53d3d13d03455f9d05,"Excellent app all-round. T212 has an impressive UI, low fees and is the most advanced platform in the UK imo."
FEES_SUBSCRIPTION,6,86,86,False,2,"Competitive Trading 212 cash ISA rates, with a minority reporting post-signup rate cuts","Roughly a quarter of sampled reviews, all Trading 212, praise the cash ISA or uninvested-cash interest rate as a key draw, while a smaller but notable minority, on the order of one in five, complain that the advertised or initial rate is cut shortly after they sign up or deposit funds.",False,,61452e4a3b979bcb377e226a,5.17% interest tax free - interest paid daily - withdrawals without penalty. ⭐⭐⭐⭐⭐,6c6f45fce52d50d00dfa0d94,trading 212 lure you in with promotions then pull the rug and change the interest rate. don't use them. Go for a well known actual bank or building society. it's worth the 0.5%,198195e404ae33b250ec214c,"I was lured in by the 5.2% interest cash isa, which has been cut to 4.9% within 3 months of joining."
FUNDS_TRANSFER,0,3235,150,True,3,"Withdrawals blocked by holds, freezes, and verification loops","Across all three sampled chunks, a clear majority of the reviews describe being unable to withdraw or transfer funds out of the app: money held for days or weeks under vague 'security' reviews, accounts frozen or restricted, device-verification or 2FA loops that lock users out of their own money, and unresponsive or chatbot-only customer support. A smaller minority describe other transfer friction (e.g., IRA rollovers, linking a bank/card) rather than an outright block on withdrawals.",False,,db9d962eb5e9213154c1ffba,As soon as you want to withdraw any to your bank account it makes you verify via a message on another device you own. They never send the alert to the other device and thus lock you out of your own money.,63b1175ceabbb07ddfcb9e44,Find another app. This one will hold your money for days even when you bank don't take more than 24 hours for amounts less than $5k.,810af88626bc098736e7547f,They take ages to allow you to withdraw your money. Use a different platform if you need a responsive experience.
FUNDS_TRANSFER,1,103,103,False,3,Deposit and withdrawal blocks reported in non-English-speaking markets,"This cluster (mostly German, French, and Italian-language reviews) mirrors the withdrawal-hold complaints seen elsewhere: a large majority of the sampled reviews report being unable to pay out or withdraw money, accounts or specific transactions held indefinitely under review, and slow or unhelpful support. A minority of reviews in this cluster are positive, describing fast and trouble-free deposits or withdrawals.",False,,6a9c6635a89995c97b0b2358,Ich konnte mein Geld nicht auszahlen lassen!,a5883fdfca8350b4d329d073,Blockt eingezahltes Geld,41ea132b95e2a1e526388f94,In dem Saftladen kann man das Geld nicht auszahlen. Ich versuche seit mehreren Stunden Geld auszuzahlen es geht nicht!!!
FUNDS_TRANSFER,2,798,150,True,3,"Fast, hassle-free deposits and withdrawals","In contrast to the other two funds-transfer clusters, the large majority of the sampled reviews here are positive, praising how quick and easy it is to move money into and out of the app (deposits, withdrawals, and transfers between accounts) across Robinhood, Coinbase, and Trading 212. A minority raise a specific limitation, such as the lack of a recurring/monthly deposit option or a lag on withdrawals, without describing blocked or frozen funds.",False,,7096373686722927a652594b,So easy to use. Instant trade action. Instant fund transfers back to bank accounts. Happy customer here.,fe0e90f62a116514e3c5166f,"Brilliant app, honestly can't fault it withdraw is easy to understand.",093c481904c878ccf82382f7,"Substantial UI, easy to trade and has instant transfers from up to $1000."
GENERAL_SENTIMENT,0,358,150,True,3,"Terse one-word ""great"" reviews","This is a generic-sentiment residual cluster: essentially all sampled reviews consist of nothing more than the single word ""great"" (or a trivial variant such as ""great advices""), with no elaboration on any specific feature, so no substantive theme can honestly be attributed beyond bare positive sentiment.",False,,f8e3cdf5ef376775d77bb067,Great great great .,616eed7daff56b1a4b21061d,great advices,875221d50796e11148c3af9a,Great new tech
GENERAL_SENTIMENT,1,604,150,True,3,"Terse one-word ""good/great/excellent"" reviews","Like the adjacent generic-sentiment cluster, virtually all sampled reviews here are single words such as ""good,"" ""great,"" or ""Excellent"" with no supporting detail; it is a duplicate-wording variant of the same catch-all positive-sentiment pattern rather than a distinct thematic complaint or request.",False,,08860a9e59a14e061027d1e7,Good boy,01d065de177999b464f5a681,good progress,0f660964e3c7533447c6cd3e,Excellent
GENERAL_SENTIMENT,2,295,150,True,3,Emoji-only positive reactions,"Nearly all sampled reviews in this cluster consist solely of one or more emoji (thumbs-up, hearts, fire, etc.) with no accompanying words, and the rare reviews that do contain text are themselves minimal generic praise such as ""nice app""; this cluster carries essentially no specific product feedback.",False,,5fc30f87fb653f1fb34f6428,nice app,7123eb0f6b1fb71fddf5b38f,nice app,9d717eb012c4c17d0ea7a052,nice Apps
GENERAL_SENTIMENT,3,7740,150,True,3,"Mixed short generic reviews, majority mildly positive","This is a large, heterogeneous catch-all cluster of brief, generic one-line reviews; a majority lean mildly positive (""great experience,"" ""so far so good""), while a smaller but clearly present minority are brief negative or lukewarm remarks (""Very bad app,"" ""Worst app... garbage app""), without any specific recurring feature or complaint tying the cluster together.",False,,9e726eb447755020660e10ad,been a great experience,a1653c84a49bb03505cc14b2,"Very bad app, i dont recommend this",74e5d2c5fb0a2e8216b81f31,"So far, so good!"
GENERAL_SENTIMENT,4,1282,150,True,3,Generic loyalty praise naming Coinbase specifically,"The large majority of sampled reviews are brief, generic statements of loyalty that name Coinbase specifically as the reviewer's preferred or most-trusted crypto platform, frequently citing multi-year tenure without issues; a small minority of reviews in the sample are negative about crypto investing generally rather than about Coinbase's app itself.",False,,2c1e9a93e07ad3235de03e3c,Sound and secure. My go-to for all things crypto.,d07be243776ecafc9913b8a7,Have been a client on coinbase since 2017. Have always had great experiences and would definitely recommend to friends.,8a36d6a78f2fd2f08f9675c4,"After using coinbase for over 2 years, it is still the best exchange I've ever used for crypto trading."
GENERAL_SENTIMENT,5,437,150,True,3,Generic loyalty praise naming Robinhood specifically,"The large majority of sampled reviews are broad, generic statements of satisfaction and loyalty that name Robinhood by name, often citing years of use or explicitly recommending it as the best platform; this mirrors the Coinbase-loyalty cluster's pattern but for Robinhood, and a small minority of reviews express sharp negative sentiment instead (e.g. ""Robinhood is BS!"").",False,,3b5a90abeefcb4ff898c9394,I've been on Robinhood since 2019 and It's been a great way for me to invest.,c757a41caa97e504b645dc88,robinhood by far the best and have since transferred all assets into robinhood from other brokerages.,f2b93b812cb6f8ee861389b8,Robinhood is BS!
GENERAL_SENTIMENT,6,1829,150,True,3,Generic praise for making money/investing success,"The majority of sampled reviews across Robinhood, Trading 212, and Coinbase express generic positive sentiment specifically framed around making money or building wealth through the app (e.g. ""great way to invest,"" ""starting to see real returns""), rather than about any particular feature; a clear minority instead report losses or disappointing returns.",False,,6384d1694c692b810158acf8,great way to invest,70c4e033d0ef2c938e921ee0,Really good I am starting to see real returns.,c44459d92c87cd13e0a6f627,So far all my investments tanked or failed. It's just better to invest in crypto than stocks now.
ONBOARDING_BEGINNER,0,1049,150,True,3,"Coinbase Praised as an Easy, Educational On-Ramp for Crypto Beginners","A strong majority of sampled reviews (81%, 121/150) — almost all about Coinbase (138/150) — describe the app positively as simple and welcoming for people with no prior crypto experience, frequently crediting its built-in tutorials and 'Learn and Earn' rewards for building their confidence and knowledge. A small minority raise complaints, such as app freezing or loading issues.",False,,c1cd6a5b3b7c2673d1dfc5bf,"Coinbase is wonderful for first timers in crypto, they really educate well.",b419d7bdd98cccdb50f37a6b,"Coinbase is a solid platform for beginners looking to buy, sell, and store cryptocurrencies. The user interface is simple and easy to navigate, making it a great entry point for those new to crypto.",3f4f13948319e2f31c6134bb,"Easy to use and learn with, and provides incentives to learn! I thought learning crypto on my own was overwhelming at first but not with coinbase!"
ONBOARDING_BEGINNER,1,368,150,True,3,"Robinhood Praised as an Accessible, Beginner-Friendly Introduction to Investing","A majority of sampled reviews (69%, 104/150), almost entirely about Robinhood (148/150), describe the app positively as easy to navigate and educational for first-time investors with no prior stock-market experience, helping them learn as they go. A small minority push back, citing account closures, a lack of formal tutorials, or fee complaints.",False,,d3a5ead40de7f68ad8276b1e,"I absolutely love Robinhood. This has been the easiest app to use, learn from, and grow my investments. It's user-friendly, great for beginners, intermediate and/or advanced users.",82380e35ee28ec079ea76fb6,"Robinhood makes trading easy with an easy interface, fractional shares, and no trading commissions.",cd6b7b9eccf222aad4ea87fa,"I would not suggest Robin- Hood for anybody that is a beginner trader, there are no tutorials to learn from it's all reading, it's also very difficult to close your account."
ONBOARDING_BEGINNER,2,1302,150,True,3,Cross-Platform Praise for Ease of Onboarding New Investors,"A majority of sampled reviews (69%, 104/150), spanning Robinhood (97), Trading 212 (36), and Coinbase (17), describe the respective app as easy and welcoming for first-time or novice investors, often mentioning built-in tutorials or educational content. This spans multiple apps rather than being specific to one platform.",False,,b1241df4322e8c033b831b25,"Great platform, super easy to setup-&-use app even for non-trading professionals like me and the Pies are a blessing to make decent amount of money over a short period of time.",474ebf15391d9a2044e09ffd,"Excellent app for trading stocks, options, futures, and crypto. It's super-easy to get started, and it walks you through everything.",a0b0a9efa3f428496b36faa9,"I was honestly always skeptical about using an investing application, but this has been absolutely fantastic and is really easy to use."
ONBOARDING_BEGINNER,3,140,140,False,3,Learn-and-Earn Educational Rewards Praised as Standout Onboarding Feature,"An overwhelming majority of sampled reviews (85%, 119/140), across both Coinbase and Robinhood, praise a 'Learn and Earn' style feature that pays new users in crypto or cash for completing short educational lessons and quizzes, describing it as fun, motivating, and a low-risk way to build confidence. A small minority report the feature paying out incorrectly, being discontinued, or requiring a paid membership.",False,,b13fc40fb4977c21111357c7,"This app is actually very simple to use, I love it. (That's what she said) this app also let's you earn as you learn. Awesome app!",ee809d833ac15558eaad94ef,The learn feature with it's lessons and rewards is excellent!!!,62bba7193e66c0877d771d6c,They have learn and earn rewards and almost every quest I completed I had to contact support to get paid part of the rewards and half the time they didn't even pay me for them
ONBOARDING_BEGINNER,4,1399,150,True,3,"Broad, Terse Praise for Beginner-Friendliness Across All Three Apps","A strong majority of sampled reviews (81%, 122/150) are short positive statements calling the app easy, simple, or beginner-friendly, spread fairly evenly across Coinbase (65), Robinhood (68), and Trading 212 (17); about two in five of the sample (61/150) use the explicit word 'beginner', 'novice', or 'newbie'. A small number of reviews (4/150) push back, saying the app lacks sufficient explanation or educational help for newcomers.",True,"Rating pass (group6) flagged the cited statistic '72/150 uses the explicit word beginner/novice/newbie' as a measurable overstatement, its own independent keyword recount landing at 61-62/150. Independent re-count in this investigation (case-insensitive, matching 'beginner', 'novice', 'newbie' and simple plurals) found 61/150 (40.7%), confirming the rating agent's figure and the original 72/150 figure as incorrect. The app-split numbers (Coinbase 65 / Robinhood 68 / Trading 212 17) were separately verified correct by the rating agent and are unchanged. Statistic corrected from 72/150 (48%) to 61/150 (41%); all other claims in the description were accurate and are unchanged.",f28f836eb240a28a7176519b,This is a great app for beginners and novices alike. This app has been a godsend for me. I recomend it to everyone!,c405f6778979212221a1ebaf,Easy to use and understand especially for beginners,44dc1673938f3faa69d949c5,"When you need help, Noone will help you. Very difficult for beginners with no help."
PREDICTION_MARKETS,0,128,128,False,3,Prediction markets split opinion between fun feature and gambling worry,"Reviews mentioning the new prediction/event-contract markets (mostly on Robinhood) are genuinely divided: a large share explicitly call it gambling or a casino and express discomfort mixing it with investing, while a comparable or larger share describe it positively as a fun, profitable addition -- this is a mixed cluster, not a one-sided complaint.",False,,8acf40be9aef3198e8966330,"Be careful with ""predictions""... this is pure gambling.",896e038244ad43abb84e947f,I do wish that you could disable the prediction market. I don't really like having gambling next to investments.,ae284e141ef71e64a730af29,I've had this app for 9 years. Great investing app with no stock fees and prediction markets. Easy to use and works great on mobile
PREDICTION_MARKETS,1,44,44,False,1,Accusations that prediction-market payouts are rigged or withheld,"The dominant pattern in this cluster (nearly all reviews, split between Robinhood and Coinbase) is an allegation that the prediction market itself is manipulated -- that winning positions are not paid out, prices are altered at the last moment, or contracts are closed late to favor the house -- rather than a general gambling complaint.",False,,4aac751dcab9d14bb3cdbf92,rigged and manipulated prediction market. buyer beware. they will close a prediction late to recover their own losses.,a2e300a046118d0855bc85bc,prediction markets are a scam. Users beware. They take your money and don't pay the contract when you are correct.,8507a02c4a25d0541056bc67,Used the prediction market and was deceived by CoinBase's graphs. The app was running awful with lag time of predictions causing my order to fall.
PREDICTION_MARKETS,2,76,76,False,2,Prediction markets forced to the top of the home screen with no way to hide them,The large majority of this cluster (almost all Robinhood) complains specifically about interface placement -- prediction/event markets and sports betting pushed above stock holdings on the home screen with no toggle to disable or reorder them -- rather than about payout fairness or gambling per se.,False,,53da5fc52bf234f3c97566ff,"I don't want to see ""prediction markets"" (a.k.a. gambling) and there's no way to hide them (only sports can be hidden)",cc4ad84532651569f4d63cf4,while the app is amazing and simple for investment they've added prediction market in the app. This is sports betting and I don't want this to show up every time I open the app. I tried disabling it but there is no setting to disable it.,c49f85a1da4a86ace1bed429,Garbage junk sports prediction markets ruined Robinhood. It literally clogs up the screen. They placed that junk above my investments trying to jam force it on me against my will.
SECURITY_PRIVACY,0,189,150,True,3,General praise for platform security,"This cluster is overwhelmingly (the large majority) short, positive reassurance that the app -- mostly Coinbase -- feels 'safe' and 'secure', citing 2FA, identity checks on suspicious activity, and general trust, with almost no negative reports.",False,,e19deec96ed3354e968268f2,User-friendly for sending/receiving crypto. Good security on app with 2FA. Looking forward to more currency on this platform,8663078fa3862c2dc0984278,coin base has my back. I'm a novice user. I'm pleased that they check my identity when they see suspicious activity.,61dd54ec4e2570fb4822dc54,"ease of use is key and on a personal note coinbase one account security system alerted me in the nick of time as I was almost hacked and the hacker was targeting my xrp, now I use a security key"
SECURITY_PRIVACY,1,346,150,True,3,Positive security sentiment alongside specific lock-screen and auth gaps,"Like the previous cluster, most reviews here are brief positive praise of security ('secure', 'safe'), but this cluster also contains a distinct recurring minority pattern (roughly a tenth of reviews) of specific, concrete complaints: the account balance briefly flashing on screen before the PIN/biometric lock appears, and requests for missing options such as auto-logout or authenticator-app/passkey support.",False,,5f955d55a17a833219e681c0,Best Crypto app available. Easy&Secure!,b37d0fda3f0bde159fa64898,"My one concern is when I open the app which is secured with biometricsc my account homepage is briefly shown before the biometrics screen appears,this then reveals my savings amount.",838ca31d2b9779384c7f5ccd,the app should auto logout when you close it. this is a poor security feature and I can't see a way to enable it. every other banking app auto logs out either immediately or after about 5 minutes but this can stay logged in indefinitely.
SECURITY_PRIVACY,2,91,91,False,2,Robinhood accounts hacked with unresponsive support,"The large majority of this cluster (almost exclusively Robinhood) describes an account being hacked or funds stolen, followed by an inability to reach effective customer support to recover the money or the account, often over many weeks.",False,,c16f70c3cef77397d5e48f33,"I had roughly 15k stolen from my account. Robinhood chat PERSONALLY gave the hacker the money on a Sunday morning!. Robinhood will lock your account, you will have ZERO options of contacting Robinhood.",e6dd1e9ca319ed9549f544dd,Robinhood is not a safe place for your money. Use at your own risk. There's no legitimate customer service support. if you have an issue with your account being hacked they will not transfer you to someone who can help.,00f05c71c86934ef39b10d91,2 factor authentication with authenticator apps has been quietly removed without warning causing me to lose trust in the company. I've been getting authentication requests via text message and device approvals which I never selected.
SECURITY_PRIVACY,3,90,90,False,2,"Refusal to hand over SSN, ID, or bank login during onboarding","Nearly all reviews in this cluster are onboarding/KYC privacy objections -- reviewers refusing or balking at requests for a Social Security number, government ID, or bank-login access via Plaid, and often uninstalling as a result -- distinct from clusters about accounts actually being compromised.",False,,ffd45a19824349c138138fc5,"Weird, you want me to send my Government ID to a stranger to be verified? A stranger is getting my information to be verified? Not like a bank with face to face interaction, but a real stranger I can't see? Yeah that's a HARD NO for me.",02c859770cbf3e93a5ef062a,I'm not about to trust some random third party called Plaid with my BANK ACCOUNT LOGIN DETAILS. This is insane,c4aa242fc2cb1df3d16ac227,"Requires SSN, it's against federal law to force someone to give their social security number"
SECURITY_PRIVACY,4,81,81,False,2,Mandatory face/video selfie verification locking users out,"Almost every review in this cluster (Trading 212, Robinhood, and Coinbase) objects specifically to forced facial-recognition or video-selfie verification -- often required just to withdraw funds or re-trust a device -- describing it as invasive and, in many cases, as something that locked them out of their own money.",False,,d8400e334fadc28d6af1d31b,Why is it asking for my face? I have given you my PIN and my two-factor authentication. Can't access my account without a privacy violation.,eb104640f6378bcdb7326d9b,"I need to scan my face to use the app, what!? So sending you bank statements to prove I'm real is not enough, now you also want my face?",068c97a2540febd8845f2dce,"This app has only gotten worse over the years. Now, you have to take a live photo of yourself every single time you make a withdraw. F these guys."
SECURITY_PRIVACY,5,250,150,True,3,Coinbase accounts drained with no reimbursement,"Nearly all reviews here (almost exclusively Coinbase) describe funds or crypto being stolen from the account -- via hacking, SIM-swap, or unauthorized transfers -- followed by Coinbase declining to reimburse or resolve the case, the Coinbase counterpart to the Robinhood-hacking cluster elsewhere in this category.",False,,fe596efe05c6317468b96626,"Big warning to everyone! I had funds in my account, and despite ALL the So-called security and Two factors authentication, all my funds were still stolen!",46378c6e01feaebf14addda2,"Horrible security. If you want to risk losing all your crypto then get this app. Someone hacked into my email, reset my password, changed my my email address, and coinbase did nothing to stop them.",2a80432bd40383b95abb628a,"if you value your security please do not use this app. July 31st , 2025 an unauthorized withdrawal of over 4000 dollars was taken. coinbase has no intentions of reeimbursing me."
SECURITY_PRIVACY,6,30,30,False,1,No way to reach support once locked out or hacked,"The dominant pattern in this cluster (split across Robinhood and Coinbase) is a specific catch-22: reviewers who suspect fraud or are locked out find there is no phone line or live agent, and any support channel that exists requires logging into the very account they cannot access.",False,,29f5618b3f1a6192142e00a1,"there is no customer support, if you forget your password if you change device and you need assistance, they tell you to log in to get assistance. it is absolutely impossible",1e049aa0d77d46a840d39293,If you have issues with app you get absolutely no help! I believe I was hacked and now locked out of app and you have to have access to app to get help. How does that work?,1bb261777a0bd957f096af52,"Impossible to report on the options listed given that you have to 1) Login to the account to report issues, 2) Be on the same phone associated with the account to lock it, or 3) Have very specific non-scam related options they can deal with instead."
SECURITY_PRIVACY,7,34,34,False,1,"Accounts hacked and recovery blocked, sometimes via a changed phone/email on file","This cluster is a mix of account-takeover and lockout reports. A minority of the sampled reviews (roughly 2-6 of 34, depending on how loosely the language is read) describe the specific mechanism of an attacker or a forced re-verification changing the phone number or email on file, blocking the legitimate owner's recovery. The majority of the cluster's reviews report being hacked or locked out in more generic terms, without stating that specific mechanism -- meaning this cluster overlaps substantially with the broader 'account hacked, support unresponsive' pattern seen elsewhere in SECURITY_PRIVACY rather than being as narrowly distinct as the original description implied.",True,"Rating pass (group3) flagged 'almost every review describes...the attacker changed the phone number or email' as a strong overstatement, estimating only about a third of the 34-review sample clearly fit that specific mechanism, with the rest being generic 'hacked/locked out' complaints, and called the three supporting quotes cherry-picked. Independent regex-based re-read (matching on 'changed my phone/email', 'new phone/email', 'not my phone/email', 'different phone/email') found only 2/34 (5.9%) reviews using that explicit language; a looser manual read might reasonably count a few more borderline cases, but nowhere near 'almost every review'. Title and description rewritten to state this as a real but minority sub-pattern within a broader hacked/locked-out cluster, and to note the overlap with neighboring clusters (also flagged by the same rating pass as a taxonomy-level redundancy concern across clusters 2, 5, 6, 7, 8, 9). Quotes left unchanged -- each individual quote is itself accurate and grounded (verified by the earlier code-based grounding check); the problem was the description's claim about how *representative* they are of the cluster as a whole, not the quotes' authenticity.",632a097905b8ff7c908e746d,"Can't login because I changed my phone number. The only way to recover your account is with a phone number, so if that changes, you can't access your account unless you upload your ID",d43477d1986a802e0049889a,"The number on my account isnt the one i got texted on, its an old number i dont have access anymore. I cant lock the account because the tect verifications dont come through. I cant change the information because I need to have my old number that I dont use to verify. Im completely stuck. My account is hacked.",67b030661eff7d93bc6b65fe,my account was hacked and I've tried getting in touch with someone but I've had no luck. But the guy stole $2800 from me and now I'm locked out of my account. He's changed the password and phone number so I don't know what to do to regain my account or my money
SECURITY_PRIVACY,8,94,94,False,2,Terse hacked/scam complaints and a minority of phantom app installs,"Most reviews in this cluster are brief, low-detail one-liners alleging hacking, scams, or data breaches without much narrative; a smaller but recurring minority (a handful of reviews) specifically report the Trading 212 app mysteriously appearing or installing itself on a device without the reviewer ever creating an account.",False,,15d02b114365cd7d9c1898d9,"APP INSTALLED BY ITSELF ON MY DEVICE. Google Pixel 9a lol. just had notification that app installed itself. I don't have 212 account, never went to its website and so on.",9c2516fbc00d5b7e4d33a879,you let someone else hack my account and change All my passwords and email and phone number,81acfda44f1aa91bfe4acecb,continuous data breaches! last one in Feb of 2025. This isn't the first time this has happened.
SECURITY_PRIVACY,9,28,28,False,1,"Unauthorized fund withdrawals with no refund, mostly on Coinbase","This small cluster (predominantly Coinbase) reports unauthorized withdrawals or account draining with the company declining to refund or investigate. Some reviews cite a specific dollar amount taken; most describe money or crypto being stolen without citing a figure. Thematically close to the larger, better-supported cluster 5 ('Coinbase accounts drained with no reimbursement') in this same category, with which it substantially overlaps.",True,"Rating pass (group3) flagged the original description's framing -- 'most reviews...report a specific dollar amount' -- as overstated, estimating roughly a third of the 28-review sample cites a figure, and separately flagged this cluster as a likely near-duplicate of cluster 5. Independent regex search for dollar figures ($N or 'N dollars') across all 28 sampled reviews found only 2/28 (7.1%) with an explicit figure -- fewer even than the rating agent's estimate, reinforcing that 'most' was inaccurate. Description rewritten to state this honestly as 'some...most describe...without citing a figure', and the redundancy with cluster 5 is now disclosed directly in the item rather than left implicit. Quotes unchanged -- both dollar-citing quotes used were independently confirmed accurate.",cb480a18c65c0d865908d296,Very disapointed. someone hacked in my account and they didn't do anything to get my money back,fa09c6dcbaeb759b8ccc6172,Terrible security. I had 2 factor login security and they still allowed an out of state hacker to steal my savings.,49dfd76f20ff7bee32b1c7f3,stolen from me $3187.00 and wells fargo bank is in on it. transaction was to Romania. unreal!!!
TRADE_EXECUTION,0,502,150,True,3,"Generally positive trade execution, with requests for more order types","A majority of sampled reviews describe placing trades (stocks, options, crypto) as fast, easy, and reliable overall, but a substantial minority raise specific execution gaps as recurring pain points, most often requests for trailing stop-loss or additional limit-order controls, wide spreads, or instances of trades being blocked/restricted.",False,,373bf6c43f2aa49151e7bfe6,Easy to navigate. Fast trades. Trustworthy platform.,8643d8555ad1018ed7356782,I want to do a trailing stop loss on shares which you only do in cfds. this would be amazing if it was implemented,40dedf59f6dd7112a4e3f0d1,Gave it 4 at first.. but once they started Blocking trades. Had to edit
TRADE_EXECUTION,1,1372,150,True,3,"Blocked trades, price slippage, and unreliable stop-loss execution","The large majority of sampled reviews in this cluster describe serious trade-execution failures: orders filling at a worse price than shown or set, stop-loss/limit orders not triggering correctly, or accounts being restricted from buying or selling at critical moments, frequently described as directly costing the reviewer money. This is a much more uniformly negative cluster than the companion trade-execution cluster, which was execution complaints mixed with substantial positive sentiment.",False,,111be61eba5c54f58d885208,When you buy or sell shares they do not execute at the price it shows or that you set a limit on.,c29b2c7821d61c54a374645c,Stop loss doesn't always work. You don't get out of option plays on time.,67de44b41e97aed1fe10419d,"Logged in today to find out robinhood didn't want me holding soundhound ai and they sold all my shares at a loss with no warning, no good reason, and without my approval."
TRUST_FAIRNESS_REGULATORY,0,194,150,True,3,Coinbase (and peers) widely described as trustworthy and well-regulated,"The large majority of sampled reviews, mostly about Coinbase, describe the platform as trustworthy, safe, or well-regulated, with many reviewers naming it as the only exchange they trust; in this particular cluster, trust-related complaints are a minority.",False,,eae351fc505eb8c1762e2f74,Coinbase is trust worthy.,74ede4a03cc142318e9b98ff,Safest centralized crypto exchange in the US. You can put your faith in Coinbase.,02e069abf35d45ac7a55a4f2,Coinbase is highly secure and user friendly and is regulated in the USA.
TRUST_FAIRNESS_REGULATORY,1,65,65,False,2,Lasting distrust from Robinhood's 2021 GameStop trading restriction,"This Robinhood-only cluster is almost entirely about the January 2021 GameStop/meme-stock trading halt: the large majority of sampled reviews say they still do not trust Robinhood because of it, years later.",False,,fd0e453c65d02af98f4deaa7,I will never forget what you clowns pulled with GameStop.,4d49d1da917ec304353b5e5a,"I used to like Robinhood, but the GameStop stock freeze was a huge letdown. Limiting trades during the pump felt like market manipulation, and it hurt trust in the platform.",aa6a440fccf57919cd60cf79,Never forget gamestop.
TRUST_FAIRNESS_REGULATORY,2,513,150,True,3,Perceived market manipulation and unfair trade restrictions (mostly Robinhood),"A majority of sampled reviews, almost all about Robinhood, accuse the platform of manipulating prices or order fills, restricting trading to protect large institutions or hedge funds, or freezing accounts and orders unfairly.",False,,29b7b7ba8a84fe26e96e5ff9,Everything about the stock options is rigged .,c410e791100353e88316a04c,Price scalping their clients. Front running options so they always get .05 off your contracts.,612e8306007352e1f6a79e04,Freezes trading to prevent customers from realizing gains.
TRUST_FAIRNESS_REGULATORY,3,1282,150,True,3,"Widespread 'scam' and theft accusations, overwhelmingly about Coinbase","A large majority of sampled reviews, overwhelmingly about Coinbase, explicitly call the platform a scam or accuse it of stealing, locking, or refusing to return customers' funds.",False,,c89f6bb4250379cc60a5dfb0,AWFUL COINBASE STOLE 16000 DOLLARS FROM ME AND THERE TRYING TO NOT PAY ME MY MONEY BACK,8cb3d3bb7f0c9749d49ab44f,Coinbase is an internet fraud organization. They are theives. They stole my money.,853d10135c1b93e3fad0d9a7,SCAM ALERT!! Never Deposit in this App! or your money is gone forever!
USABILITY_NAV,0,310,150,True,3,Generic 'Easy to use' one-liners,"Nearly all of the sampled reviews in this cluster consist of the identical brief phrase 'Easy to use' (or trivial case/spelling variants), spread across Coinbase, Robinhood, and Trading 212, with no elaboration on which feature is easy. It reflects blanket usability praise rather than a specific, describable pattern.",False,,94438ed70b53e496c6c17fce,Easy to use,f050b755672456ba0790c6cb,EASY TO USE,ae3c4ed6c4d6216925398332,Easy and transparent to use
USABILITY_NAV,1,266,150,True,3,Generic 'easy to use' one-liners (lowercase variant),"Like its sibling cluster, virtually all sampled reviews here are the same short phrase 'easy to use' (lowercase), with only minor wording variants such as 'easy to use system' or 'easy to handle'. These carry no specific detail about what makes the app easy to use.",False,,727bad7e71dc33f724e23506,easy to use,69175311ca9439c5f2ee192a,Smoth and easy to use,f924c2f015f674399d9b55da,Easy for an Ole farther to use
USABILITY_NAV,2,5239,150,True,3,Short praise for the app's overall usability,"A large majority of the sampled reviews are brief, generically positive comments praising the app as easy, simple, or intuitive, usually just one short phrase or sentence with no specifics. A smaller minority pair this praise with a specific usability gripe, such as a cluttered screen, slow-loading advanced features, or a wish for more detailed charts.",False,,8152fa20910d5bd96bfc1192,Easy to use. No issues on my end. Great support.,0707761d385736cbaa32d57c,"The most advanced app, full of options but easy to use at the same time.",d9bfaa1411a3a4db1bcc68a7,"easy to use, informative, prompt."
USABILITY_NAV,3,1987,150,True,3,UI/UX updates that broke navigation and hid features,"A large majority of the sampled reviews complain that a recent app update made the app harder to navigate: menus moved or hidden behind extra taps, features removed (watchlists, total-invested figures, open-order summaries), broken back-button behavior, or a generally more cluttered layout. A minority instead describe navigation as difficult in general, without tying it to a specific update.",False,,ab024650d76824423e9e52e7,"The app used to be good and everything was easily accessible, now each update ruins it by hiding features that were easy to access behind additional clicks.",52ec23af30bf1ee8c3515e16,T212 have been constantly making unnecessary changes to the UI that make the app nearly unusable.,cdc36f4a330af6f186ce78cc,App update is horrible. The new UI is an incoherent mess. Avoid if you can.
USABILITY_NAV,4,432,150,True,3,"Coinbase praised as easy to use, especially for beginners","The large majority of the sampled reviews, almost all about Coinbase, praise the app as easy, intuitive, and beginner-friendly, often citing its educational content and simple navigation. A minority of these otherwise-positive reviews also flag a specific downside, most often high fees or an occasional technical glitch.",False,,d696bcfd998dceb0521bd1c6,"Coinbase is a solid app for buying and managing crypto. It’s easy to use, even for beginners, and transactions are quick and secure. However, the fees can be a bit high compared to other platforms. Overall, it’s reliable and user-friendly!",b91b46182628988016065349,"carefully structured, organized and a clear visual hierarchy makes Coinbase truly a user-friendly and intuitive experience.",92e7c67285af7ba5404540df,"The user interface is simple and easy to navigate, making it a great entry point for those new to crypto."
USABILITY_NAV,5,338,150,True,3,"Buying, selling, and trading crypto described as easy","Nearly all of the sampled reviews in this cluster specifically praise how easy and fast it is to buy, sell, or trade crypto within the app (predominantly Coinbase, with some Robinhood). A small minority mention friction, most concretely low deposit limits; a couple of reviews separately mention difficulty withdrawing certain crypto assets out of the app entirely, which is a different problem from a processing delay.",True,"Rating pass (group1) flagged 'a single report of withdrawal delays' as not clearly matching anything in the sample. Independent re-read of all reviews mentioning 'withdraw' found no report of a withdrawal *delay* -- one review explicitly says the opposite ('no delays on selling buying or withdraw'). The closest real friction points are: low deposit limits (review 0af70fbe78ad2696f9aff684: 'the deposit limits are quite low, so have to use ot[her]...') and inability to withdraw certain crypto out of the app (review 13bf254e89991b43c87cc6a3: 'coinbase wallet is no good can't get ur money out on most of the crypto u have'). Description rewritten to cite these actual, grounded friction points instead of the unsupported 'withdrawal delays' claim.",905e2301de26f6b59e011c05,Terrific crypto platform. 5 stars easily. Extremely user friendly. Makes crypto buying/selling/trading a breeze.,2361c2bcc8816d3a646f2a48,best and easiest app for crypto no delays on selling buying or withdraw,efe3d58afa460e1c8297e461,easiest way to buy and trade crypto
USABILITY_NAV,6,1676,150,True,3,Investing and trading described as easy across apps,"A large majority of the sampled reviews, spanning Robinhood, Trading 212, and Coinbase, praise how easy and beginner-friendly investing or trading is on the app, often crediting a clean interface or a quick account setup. A small minority pair this praise with a specific limitation, most commonly slow or limited chart loading.",True,"Rating pass (group1) flagged the original description's minority-limitation example, 'a missing per-company investment breakdown', as not appearing anywhere in the 150-review sample. Independent keyword search across the full sample confirms zero matches for that phrase or concept. This detail appears to have been fabricated or misattributed from a different cluster during generation. It has been replaced with 'slow or limited chart loading', which IS directly grounded in the sample (e.g. review 6756de542141d9518a50d5e8: 'Needs to improve on charting though'; review 0c1e0f7588096113f12d7dd2: 'sometimes a little slow to load'). The majority-positive characterization itself was not in question and is unchanged.",8e6fda19b482c4550defb3cc,"Best trading app for beginners and experienced investors or traders, Best user interface with tips that show what you can do, very secure login system, and allows investments to be easy.",2deee9a0301b9740899105e5,The app is really user friendly. it was quick and simple to set up a stock and shares isa and I love how easy it is to deposit money and buy the shares you want.,9018d18af63b6201ce084f27,I find this trading platform quite intuitive and beginner friendly. The UI is very clean and simple.
USABILITY_NAV,7,408,150,True,3,"Robinhood praised as the easiest, most user-friendly platform","Virtually all of the sampled reviews in this cluster are Robinhood-specific testimonials describing it as the easiest or most user-friendly trading/investing app the reviewer has used, frequently in direct comparison to competitors like Fidelity, Schwab, or Webull. Complaints are rare and, when present, appear only as minor asides within an otherwise positive review.",False,,7d54111af40b204fcf2b39fa,"I’ve had an excellent experience using Robinhood. The platform is extremely user-friendly, especially for anyone looking to get into investing or trading without feeling overwhelmed.",b7706970020ecfac00b769bf,"Robinhood stands out as the most effective financial app available. The interface is genuinely intuitive, allowing efficient navigation between positions, watchlists, and trade execution.",dd6bc7900d350828b7278cd6,I can't believe Robinhood is still the most user friendly brokerage after all this time.
