rank,category,cluster_id,bl1_cluster_score,n_reviews,avg_rating,sum_thumbsup
1,CUSTOMER_SUPPORT,1,3468.397124,4357,1.883406,21754
2,ACCOUNT_ACCESS_AUTH,1,3435.999396,4170,1.58801,12864
3,FUNDS_TRANSFER,0,3153.722114,3235,1.427202,12660
4,GENERAL_SENTIMENT,3,1770.490031,7740,4.432558,1078
5,APP_STABILITY_PERFORMANCE,2,1754.961788,1576,1.760152,15130
6,TRADE_EXECUTION,1,1665.398827,1372,1.615889,13191
7,APP_STABILITY_PERFORMANCE,3,1533.231919,2288,1.80201,4749
8,USABILITY_NAV,3,1364.478319,1987,2.233015,10599
9,TRUST_FAIRNESS_REGULATORY,3,1319.024985,1282,1.26131,3817
10,FEES_SUBSCRIPTION,2,1186.831579,882,1.357143,7287
11,USABILITY_NAV,2,1107.117147,5239,4.892346,1774
12,CRYPTO_SPECIFIC,0,977.310103,1134,1.536155,3673
13,CHARTING_TOOLS,1,538.0534,989,3.31547,7949
14,USABILITY_NAV,6,418.096244,1676,4.813246,3364
15,TRUST_FAIRNESS_REGULATORY,2,417.772455,513,1.62768,1670
16,GENERAL_SENTIMENT,6,386.393185,1829,4.797704,248
17,ACCOUNT_LIFECYCLE,1,362.664952,449,1.385301,534
18,ONBOARDING_BEGINNER,2,311.718621,1302,4.701997,1637
19,ONBOARDING_BEGINNER,0,306.019894,1049,4.873213,4423
20,GENERAL_SENTIMENT,4,300.613305,1282,4.842434,1737
21,ONBOARDING_BEGINNER,4,298.748748,1399,4.739099,168
22,SECURITY_PRIVACY,5,276.60061,250,1.312,1129
23,FEES_SUBSCRIPTION,4,254.612709,371,1.61186,394
24,FUNDS_TRANSFER,2,227.434281,798,4.671679,2645
25,ASSET_COVERAGE,0,207.918732,691,4.040521,1491
26,FEES_SUBSCRIPTION,0,196.68253,466,4.716738,4617
27,ADVERTISING_NOTIFICATIONS,0,192.291501,199,1.773869,1421
28,ACCOUNT_LIFECYCLE,3,161.899476,146,1.308219,658
29,CRYPTO_SPECIFIC,2,154.164037,633,4.625592,801
30,TRADE_EXECUTION,0,150.05717,502,4.237052,1338
31,ACCOUNT_LIFECYCLE,4,149.650633,144,1.097222,202
32,ACCOUNT_LIFECYCLE,2,134.205699,141,1.368794,427
33,ASSET_COVERAGE,1,126.827473,153,1.784314,733
34,GENERAL_SENTIMENT,1,124.881638,604,4.850993,18
35,USABILITY_NAV,4,123.478294,432,4.884259,1711
36,FEES_SUBSCRIPTION,1,119.041212,212,4.669811,3439
37,FEES_SUBSCRIPTION,3,114.296,91,1.373626,660
38,USABILITY_NAV,7,103.111971,408,4.811275,881
39,GENERAL_SENTIMENT,5,102.219633,437,4.743707,479
40,PREDICTION_MARKETS,2,98.307914,76,1.828947,1038
41,ONBOARDING_BEGINNER,1,96.152119,368,4.744565,882
42,ACCOUNT_LIFECYCLE,5,95.439024,105,1.171429,68
43,APP_STABILITY_PERFORMANCE,1,94.533467,326,4.592025,1081
44,SECURITY_PRIVACY,4,94.023529,81,1.259259,374
45,ACCOUNT_ACCESS_AUTH,0,92.555556,119,1.285714,0
46,SECURITY_PRIVACY,1,91.92346,346,4.176301,379
47,SECURITY_PRIVACY,2,89.971304,91,1.263736,227
48,ADVERTISING_NOTIFICATIONS,1,87.732246,214,2.579439,123
49,ASSET_COVERAGE,3,85.929167,123,1.756098,279
50,USABILITY_NAV,5,81.333871,338,4.769231,499
51,CRYPTO_SPECIFIC,3,77.144262,276,4.862319,991
52,GENERAL_SENTIMENT,0,72.899603,358,4.924581,10
53,SECURITY_PRIVACY,3,68.0,90,1.4,52
54,SECURITY_PRIVACY,8,66.121918,94,1.553191,87
55,CUSTOMER_SUPPORT,0,64.928058,95,1.463158,0
56,USABILITY_NAV,0,62.973185,310,4.932258,6
57,ADVERTISING_NOTIFICATIONS,2,62.85045,107,2.074766,234
58,GENERAL_SENTIMENT,2,61.498236,295,4.80339,4
59,PREDICTION_MARKETS,1,57.110204,44,1.113636,196
60,CRYPTO_SPECIFIC,1,54.684305,241,4.626556,120
61,USABILITY_NAV,1,54.678919,266,4.868421,2
62,FUNDS_TRANSFER,1,52.261084,103,1.970874,0
63,SECURITY_PRIVACY,0,51.747039,189,4.825397,607
64,TRUST_FAIRNESS_REGULATORY,0,49.252868,194,4.582474,317
65,TRUST_FAIRNESS_REGULATORY,1,43.125,65,1.6,40
66,FEES_SUBSCRIPTION,5,41.866459,199,4.839196,36
67,PREDICTION_MARKETS,0,40.193631,128,3.679688,199
68,SECURITY_PRIVACY,6,37.5,30,1.066667,100
69,APP_STABILITY_PERFORMANCE,0,32.884319,82,4.743902,740
70,SECURITY_PRIVACY,7,30.6,34,1.441176,101
71,ONBOARDING_BEGINNER,3,30.211624,140,4.792857,48
72,ACCOUNT_LIFECYCLE,0,28.81978,124,4.403226,29
73,CRYPTO_SPECIFIC,4,28.414376,131,4.832061,63
74,FEES_SUBSCRIPTION,6,23.534132,86,3.883721,54
75,SECURITY_PRIVACY,9,21.323077,28,1.392857,17
76,ASSET_COVERAGE,2,12.120301,40,3.325,3
77,CHARTING_TOOLS,0,7.384615,24,3.25,0
