category,cluster_id,n_reviews,avg_rating,delta_rating_app,n_distinct_app_versions,e2_matched
ACCOUNT_ACCESS_AUTH,0,119,1.285714,-2.392646,59,0
ACCOUNT_ACCESS_AUTH,1,4170,1.58801,-2.072279,418,0
ACCOUNT_LIFECYCLE,0,124,4.403226,0.71779,86,0
ACCOUNT_LIFECYCLE,1,449,1.385301,-2.291742,190,0
ACCOUNT_LIFECYCLE,2,141,1.368794,-2.270747,75,0
ACCOUNT_LIFECYCLE,3,146,1.308219,-2.335874,80,0
ACCOUNT_LIFECYCLE,4,144,1.097222,-2.554319,88,0
ACCOUNT_LIFECYCLE,5,105,1.171429,-2.47018,64,0
ADVERTISING_NOTIFICATIONS,0,199,1.773869,-1.883545,117,0
ADVERTISING_NOTIFICATIONS,1,214,2.579439,-1.08625,114,0
ADVERTISING_NOTIFICATIONS,2,107,2.074766,-1.626733,79,0
APP_STABILITY_PERFORMANCE,0,82,4.743902,1.084568,61,0
APP_STABILITY_PERFORMANCE,1,326,4.592025,0.916862,156,0
APP_STABILITY_PERFORMANCE,2,1576,1.760152,-1.898016,289,0
APP_STABILITY_PERFORMANCE,3,2288,1.80201,-1.864972,353,0
ASSET_COVERAGE,0,691,4.040521,0.329551,266,0
ASSET_COVERAGE,1,153,1.784314,-1.861964,76,0
ASSET_COVERAGE,2,40,3.325,-0.42917,25,0
ASSET_COVERAGE,3,123,1.756098,-2.013688,75,0
CHARTING_TOOLS,0,24,3.25,-0.527588,23,0
CHARTING_TOOLS,1,989,3.31547,-0.384196,279,0
CRYPTO_SPECIFIC,0,1134,1.536155,-2.102958,205,0
CRYPTO_SPECIFIC,1,241,4.626556,0.983059,101,0
CRYPTO_SPECIFIC,2,633,4.625592,0.983713,171,0
CRYPTO_SPECIFIC,3,276,4.862319,1.222491,89,0
CRYPTO_SPECIFIC,4,131,4.832061,1.192329,51,0
CUSTOMER_SUPPORT,0,95,1.463158,-2.208862,54,0
CUSTOMER_SUPPORT,1,4357,1.883406,-1.776903,431,0
FEES_SUBSCRIPTION,0,466,4.716738,0.986279,184,0
FEES_SUBSCRIPTION,1,212,4.669811,1.026706,89,0
FEES_SUBSCRIPTION,2,882,1.357143,-2.289922,199,0
FEES_SUBSCRIPTION,3,91,1.373626,-2.2615,53,0
FEES_SUBSCRIPTION,4,371,1.61186,-2.038178,161,0
FEES_SUBSCRIPTION,5,199,4.839196,1.108453,129,0
FEES_SUBSCRIPTION,6,86,3.883721,0.013618,55,0
FUNDS_TRANSFER,0,3235,1.427202,-2.235851,378,0
FUNDS_TRANSFER,1,103,1.970874,-1.757875,76,0
FUNDS_TRANSFER,2,798,4.671679,0.956932,258,0
GENERAL_SENTIMENT,0,358,4.924581,1.263566,151,0
GENERAL_SENTIMENT,1,604,4.850993,1.182787,216,0
GENERAL_SENTIMENT,2,295,4.80339,1.141511,130,0
GENERAL_SENTIMENT,3,7740,4.432558,0.766565,445,0
GENERAL_SENTIMENT,4,1282,4.842434,1.202153,154,0
GENERAL_SENTIMENT,5,437,4.743707,1.108526,115,0
GENERAL_SENTIMENT,6,1829,4.797704,1.104578,306,0
ONBOARDING_BEGINNER,0,1049,4.873213,1.232868,146,0
ONBOARDING_BEGINNER,1,368,4.744565,1.108018,91,0
ONBOARDING_BEGINNER,2,1302,4.701997,0.990583,264,0
ONBOARDING_BEGINNER,3,140,4.792857,1.144891,68,0
ONBOARDING_BEGINNER,4,1399,4.739099,1.061804,269,0
PREDICTION_MARKETS,0,128,3.679688,0.027554,70,0
PREDICTION_MARKETS,1,44,1.113636,-2.523884,28,0
PREDICTION_MARKETS,2,76,1.828947,-1.820439,45,0
SECURITY_PRIVACY,0,189,4.825397,1.176626,96,0
SECURITY_PRIVACY,1,346,4.176301,0.515928,147,0
SECURITY_PRIVACY,2,91,1.263736,-2.382878,57,0
SECURITY_PRIVACY,3,90,1.4,-2.263363,49,0
SECURITY_PRIVACY,4,81,1.259259,-2.485569,63,0
SECURITY_PRIVACY,5,250,1.312,-2.328606,102,0
SECURITY_PRIVACY,6,30,1.066667,-2.569736,18,0
SECURITY_PRIVACY,7,34,1.441176,-2.196204,23,0
SECURITY_PRIVACY,8,94,1.553191,-2.098969,52,0
SECURITY_PRIVACY,9,28,1.392857,-2.25528,17,0
TRADE_EXECUTION,0,502,4.237052,0.554565,204,0
TRADE_EXECUTION,1,1372,1.615889,-2.05763,331,0
TRUST_FAIRNESS_REGULATORY,0,194,4.582474,0.912128,112,0
TRUST_FAIRNESS_REGULATORY,1,65,1.6,-2.035126,36,0
TRUST_FAIRNESS_REGULATORY,2,513,1.62768,-2.036938,195,0
TRUST_FAIRNESS_REGULATORY,3,1282,1.26131,-2.39306,292,0
USABILITY_NAV,0,310,4.932258,1.281713,111,0
USABILITY_NAV,1,266,4.868421,1.169677,136,0
USABILITY_NAV,2,5239,4.892346,1.200873,353,0
USABILITY_NAV,3,1987,2.233015,-1.499227,345,0
USABILITY_NAV,4,432,4.884259,1.24329,107,0
USABILITY_NAV,5,338,4.769231,1.12862,117,0
USABILITY_NAV,6,1676,4.813246,1.09,292,0
USABILITY_NAV,7,408,4.811275,1.17549,87,0
