app,title,url,publish_date,description,source_method,in_corpus_window
Trading 212,Trading 212 API Update 🛠️,https://community.trading212.com/t/trading-212-api-update,2025-10-01,Trading 212 API Update 🛠️,discourse_json_api_paginated,True
Trading 212,Introducing the new AI Chatbot 🤖,https://community.trading212.com/t/introducing-the-new-ai-chatbot,2026-04-03,Introducing the new AI Chatbot 🤖,discourse_json_api_paginated,True
Trading 212,Portfolio transfers,https://community.trading212.com/t/portfolio-transfers,2023-12-29,Portfolio transfers,discourse_json_api_paginated,False
Trading 212,🇩🇪 Big news for German residents!,https://community.trading212.com/t/big-news-for-german-residents,2025-01-13,🇩🇪 Big news for German residents!,discourse_json_api_paginated,True
Trading 212,"100,000 reviews on Trustpilot 🎉",https://community.trading212.com/t/100-000-reviews-on-trustpilot,2026-08-12,"100,000 reviews on Trustpilot 🎉",discourse_json_api_paginated,True
Trading 212,💳 The 212 card spending pot is here!,https://community.trading212.com/t/the-212-card-spending-pot-is-here,2025-03-07,💳 The 212 card spending pot is here!,discourse_json_api_paginated,True
Trading 212,🇬🇧 130+ new AIM stocks now available,https://community.trading212.com/t/130-new-aim-stocks-now-available,2026-01-21,🇬🇧 130+ new AIM stocks now available,discourse_json_api_paginated,True
Trading 212,🗓️ Single-stock AutoInvest is here,https://community.trading212.com/t/single-stock-autoinvest-is-here,2026-05-22,🗓️ Single-stock AutoInvest is here,discourse_json_api_paginated,True
Trading 212,The Trading 212 SIPP is now live for everyone in the UK 💼,https://community.trading212.com/t/the-trading-212-sipp-is-now-live-for-everyone-in-the-uk,2026-06-24,The Trading 212 SIPP is now live for everyone in the UK 💼,discourse_json_api_paginated,True
Trading 212,Ready for takeoff? SpaceX has launched on Trading 212! 🚀,https://community.trading212.com/t/ready-for-takeoff-spacex-has-launched-on-trading-212,2026-06-12,Ready for takeoff? SpaceX has launched on Trading 212! 🚀,discourse_json_api_paginated,True
Trading 212,Trading 212's API can now integrate with AI 🤖,https://community.trading212.com/t/trading-212s-api-can-now-integrate-with-ai,2026-02-04,Trading 212's API can now integrate with AI 🤖,discourse_json_api_paginated,True
Trading 212,Investing in newly listed IPOs just got easier!,https://community.trading212.com/t/investing-in-newly-listed-ipos-just-got-easier,2026-06-10,Investing in newly listed IPOs just got easier!,discourse_json_api_paginated,True
Trading 212,We revolutionised investing. Now it's time for pensions!,https://community.trading212.com/t/we-revolutionised-investing-now-its-time-for-pensions,2026-05-15,We revolutionised investing. Now it's time for pensions!,discourse_json_api_paginated,True
Trading 212,💳 Introducing the 212 Card,https://community.trading212.com/t/introducing-the-212-card,2024-02-12,💳 Introducing the 212 Card,discourse_json_api_paginated,False
Trading 212,Introducing Privacy Mode 👀,https://community.trading212.com/t/introducing-privacy-mode,2026-04-07,Introducing Privacy Mode 👀,discourse_json_api_paginated,True
Trading 212,The old new portfolio look is now live!,https://community.trading212.com/t/the-old-new-portfolio-look-is-now-live,2026-01-12,The old new portfolio look is now live!,discourse_json_api_paginated,True
Trading 212,The 212 card is now available to all UK residents!,https://community.trading212.com/t/the-212-card-is-now-available-to-all-uk-residents,2024-04-23,The 212 card is now available to all UK residents!,discourse_json_api_paginated,False
Trading 212,New Equity Trading API in Beta - Try it Out in Practice Mode!,https://community.trading212.com/t/new-equity-trading-api-in-beta-try-it-out-in-practice-mode,2023-04-28,New Equity Trading API in Beta - Try it Out in Practice Mode!,discourse_json_api_paginated,False
Trading 212,Portfolio Redesign Update,https://community.trading212.com/t/portfolio-redesign-update,2025-12-24,Portfolio Redesign Update,discourse_json_api_paginated,True
Trading 212,Fund your account via Open Banking 💸,https://community.trading212.com/t/fund-your-account-via-open-banking,2020-10-09,Fund your account via Open Banking 💸,discourse_json_api_paginated,False
Trading 212,🏠 Your home screen just got a new look!,https://community.trading212.com/t/your-home-screen-just-got-a-new-look,2025-09-23,🏠 Your home screen just got a new look!,discourse_json_api_paginated,True
Trading 212,Introducing 212 Crypto!,https://community.trading212.com/t/introducing-212-crypto,2025-10-06,Introducing 212 Crypto!,discourse_json_api_paginated,True
Trading 212,⚠️ Cloudflare outage,https://community.trading212.com/t/cloudflare-outage,2025-12-05,⚠️ Cloudflare outage,discourse_json_api_paginated,True
Trading 212,🌊 Earn 1.5% cashback this summer!,https://community.trading212.com/t/earn-1-5-cashback-this-summer,2024-05-07,🌊 Earn 1.5% cashback this summer!,discourse_json_api_paginated,False
Trading 212,"CFDs have a new look - a redesigned order screen, cleaner interface, and more…",https://community.trading212.com/t/cfds-have-a-new-look-a-redesigned-order-screen-cleaner-interface-and-more,2025-11-05,"CFDs have a new look - a redesigned order screen, cleaner interface, and more…",discourse_json_api_paginated,True
Trading 212,⚙️ Upcoming crypto maintenance,https://community.trading212.com/t/upcoming-crypto-maintenance,2025-10-23,⚙️ Upcoming crypto maintenance,discourse_json_api_paginated,True
Trading 212,Introducing multi-currency support to Trading 212 Invest,https://community.trading212.com/t/introducing-multi-currency-support-to-trading-212-invest,2023-06-16,Introducing multi-currency support to Trading 212 Invest,discourse_json_api_paginated,False
Trading 212,A new layer of growth. Figma goes public!,https://community.trading212.com/t/a-new-layer-of-growth-figma-goes-public,2025-07-31,A new layer of growth. Figma goes public!,discourse_json_api_paginated,True
Trading 212,📈 Improved pie performance metrics (MWRR & more),https://community.trading212.com/t/improved-pie-performance-metrics-mwrr-more,2024-10-24,📈 Improved pie performance metrics (MWRR & more),discourse_json_api_paginated,True
Trading 212,About the 📰 What's new category,https://community.trading212.com/t/about-the-whats-new-category,2020-02-06,About the 📰 What's new category,discourse_json_api_paginated,False
Trading 212,"Improved portfolio screen - Better return calculations (MWRR), Cash widget, and more!",https://community.trading212.com/t/improved-portfolio-screen-better-return-calculations-mwrr-cash-widget-and-more,2025-01-03,"Improved portfolio screen - Better return calculations (MWRR), Cash widget, and more!",discourse_json_api_paginated,True
Trading 212,📊 Introducing our brand new Sankey diagrams,https://community.trading212.com/t/introducing-our-brand-new-sankey-diagrams,2024-10-03,📊 Introducing our brand new Sankey diagrams,discourse_json_api_paginated,True
Trading 212,Huge milestone achieved! 🌟,https://community.trading212.com/t/huge-milestone-achieved,2025-05-22,Huge milestone achieved! 🌟,discourse_json_api_paginated,True
Trading 212,📢 Value orders for CFDs are here,https://community.trading212.com/t/value-orders-for-cfds-are-here,2025-04-29,📢 Value orders for CFDs are here,discourse_json_api_paginated,True
Trading 212,🥧 Ready-made pies are here!,https://community.trading212.com/t/ready-made-pies-are-here,2024-07-10,🥧 Ready-made pies are here!,discourse_json_api_paginated,True
Trading 212,Asset allocation update - now a Treemap,https://community.trading212.com/t/asset-allocation-update-now-a-treemap,2024-10-24,Asset allocation update - now a Treemap,discourse_json_api_paginated,True
Trading 212,In-specie transfer 👨‍🔬,https://community.trading212.com/t/in-specie-transfer,2022-04-15,In-specie transfer 👨‍🔬,discourse_json_api_paginated,False
Trading 212,Introducing Privacy mode - now available on Web,https://community.trading212.com/t/introducing-privacy-mode-now-available-on-web,2021-11-03,Introducing Privacy mode - now available on Web,discourse_json_api_paginated,False
Trading 212,🥧 Introducing spare change and cashback investing!,https://community.trading212.com/t/introducing-spare-change-and-cashback-investing,2024-12-17,🥧 Introducing spare change and cashback investing!,discourse_json_api_paginated,True
Trading 212,💳 Goodbye FX fee,https://community.trading212.com/t/goodbye-fx-fee,2024-12-02,💳 Goodbye FX fee,discourse_json_api_paginated,True
Trading 212,💳 Apple Pay is now available to all EU clients!,https://community.trading212.com/t/apple-pay-is-now-available-to-all-eu-clients,2024-12-10,💳 Apple Pay is now available to all EU clients!,discourse_json_api_paginated,True
Trading 212,Withdrawal process - redesigned,https://community.trading212.com/t/withdrawal-process-redesigned,2022-02-18,Withdrawal process - redesigned,discourse_json_api_paginated,False
Trading 212,💳 Introducing Apple Pay,https://community.trading212.com/t/introducing-apple-pay,2024-05-28,💳 Introducing Apple Pay,discourse_json_api_paginated,False
Trading 212,The 212 Cash ISA is now live! 🔥,https://community.trading212.com/t/the-212-cash-isa-is-now-live,2024-05-21,The 212 Cash ISA is now live! 🔥,discourse_json_api_paginated,False
Trading 212,🔥 Extended hours trading is going 24/5!,https://community.trading212.com/t/extended-hours-trading-is-going-24-5,2024-02-14,🔥 Extended hours trading is going 24/5!,discourse_json_api_paginated,False
Trading 212,"🦘 Australia, we are here!",https://community.trading212.com/t/australia-we-are-here,2024-02-20,"🦘 Australia, we are here!",discourse_json_api_paginated,False
Trading 212,Trading 212 now features the world's most advanced charts - TradingView,https://community.trading212.com/t/trading-212-now-features-the-world-s-most-advanced-charts-tradingview,2022-08-05,Trading 212 now features the world's most advanced charts - TradingView,discourse_json_api_paginated,False
Trading 212,"🚀 Complete overhaul of General info, Stats and Financials!",https://community.trading212.com/t/complete-overhaul-of-general-info-stats-and-financials,2024-08-30,"🚀 Complete overhaul of General info, Stats and Financials!",discourse_json_api_paginated,True
Trading 212,2023 in review: Everything we delivered! 🎁,https://community.trading212.com/t/2023-in-review-everything-we-delivered,2023-12-28,2023 in review: Everything we delivered! 🎁,discourse_json_api_paginated,False
Trading 212,📱 Advanced charts on mobile just got better,https://community.trading212.com/t/advanced-charts-on-mobile-just-got-better,2024-06-25,📱 Advanced charts on mobile just got better,discourse_json_api_paginated,True
Trading 212,Introducing Logged-in Devices,https://community.trading212.com/t/introducing-logged-in-devices,2022-03-11,Introducing Logged-in Devices,discourse_json_api_paginated,False
Trading 212,New feature - View-only Instruments,https://community.trading212.com/t/new-feature-view-only-instruments,2023-04-28,New feature - View-only Instruments,discourse_json_api_paginated,False
Trading 212,💳 Introducing Google Pay,https://community.trading212.com/t/introducing-google-pay,2024-07-01,💳 Introducing Google Pay,discourse_json_api_paginated,True
Trading 212,💰 Introducing daily interest on cash!,https://community.trading212.com/t/introducing-daily-interest-on-cash,2023-06-06,💰 Introducing daily interest on cash!,discourse_json_api_paginated,False
Trading 212,📈 Earn 5.2% APY on your pounds!,https://community.trading212.com/t/earn-5-2-apy-on-your-pounds,2024-02-28,📈 Earn 5.2% APY on your pounds!,discourse_json_api_paginated,False
Trading 212,The 212 Cash ISA is coming in May,https://community.trading212.com/t/the-212-cash-isa-is-coming-in-may,2024-04-08,The 212 Cash ISA is coming in May,discourse_json_api_paginated,False
Trading 212,New feature - Export your investing history,https://community.trading212.com/t/new-feature-export-your-investing-history,2021-01-08,New feature - Export your investing history,discourse_json_api_paginated,False
Trading 212,New Web App (Beta),https://community.trading212.com/t/new-web-app-beta,2024-03-13,New Web App (Beta),discourse_json_api_paginated,False
Trading 212,New Community Layout,https://community.trading212.com/t/new-community-layout,2023-02-21,New Community Layout,discourse_json_api_paginated,False
Trading 212,📈 Now available: EVEN higher interest on uninvested cash!,https://community.trading212.com/t/now-available-even-higher-interest-on-uninvested-cash,2023-12-22,📈 Now available: EVEN higher interest on uninvested cash!,discourse_json_api_paginated,False
Trading 212,🚀 Reddit IPO - now available,https://community.trading212.com/t/reddit-ipo-now-available,2024-03-21,🚀 Reddit IPO - now available,discourse_json_api_paginated,False
Trading 212,🇨🇦 Toronto Stock Exchange is live,https://community.trading212.com/t/toronto-stock-exchange-is-live,2023-12-20,🇨🇦 Toronto Stock Exchange is live,discourse_json_api_paginated,False
Trading 212,New Stock Exchange: Euronext Lisbon 🇵🇹,https://community.trading212.com/t/new-stock-exchange-euronext-lisbon,2022-11-04,New Stock Exchange: Euronext Lisbon 🇵🇹,discourse_json_api_paginated,False
Trading 212,Birkenstock IPO - now available 👣,https://community.trading212.com/t/birkenstock-ipo-now-available,2023-10-11,Birkenstock IPO - now available 👣,discourse_json_api_paginated,False
Trading 212,Arm Holdings IPO - now available 🦾,https://community.trading212.com/t/arm-holdings-ipo-now-available,2023-09-14,Arm Holdings IPO - now available 🦾,discourse_json_api_paginated,False
Trading 212,Extended market hours prices now available,https://community.trading212.com/t/extended-market-hours-prices-are-now-available-on-invest-and-isa,2023-03-23,Extended market hours prices now available,discourse_json_api_paginated,False
Trading 212,Instacart IPO - now available for trading 🥕,https://community.trading212.com/t/instacart-ipo-now-available-for-trading,2023-09-19,Instacart IPO - now available for trading 🥕,discourse_json_api_paginated,False
Trading 212,2-Factor Authentication Released!,https://community.trading212.com/t/2-factor-authentication-released,2020-10-13,2-Factor Authentication Released!,discourse_json_api_paginated,False
Trading 212,Get free shares by sharing your pies,https://community.trading212.com/t/get-free-shares-by-sharing-your-pies,2020-10-29,Get free shares by sharing your pies,discourse_json_api_paginated,False
Trading 212,Invest & ISA - Account Funding Conditions Update,https://community.trading212.com/t/invest-isa-account-funding-conditions-update,2020-12-23,Invest & ISA - Account Funding Conditions Update,discourse_json_api_paginated,False
Trading 212,Live Chat Maintenance,https://community.trading212.com/t/live-chat-maintenance,2023-06-02,Live Chat Maintenance,discourse_json_api_paginated,False
Trading 212,New feature - Annual statement export,https://community.trading212.com/t/new-feature-annual-statement-export,2023-04-03,New feature - Annual statement export,discourse_json_api_paginated,False
Trading 212,New feature - AutoInvest now works with bank transfers!,https://community.trading212.com/t/new-feature-autoinvest-now-works-with-bank-transfers,2022-05-20,New feature - AutoInvest now works with bank transfers!,discourse_json_api_paginated,False
Trading 212,Introducing - Last Trade Price,https://community.trading212.com/t/introducing-last-trade-price,2022-11-09,Introducing - Last Trade Price,discourse_json_api_paginated,False
Trading 212,UK registrations - OPEN,https://community.trading212.com/t/uk-registrations-open,2022-08-30,UK registrations - OPEN,discourse_json_api_paginated,False
Trading 212,AutoInvest - Join the BETA,https://community.trading212.com/t/autoinvest-join-the-beta,2020-05-18,AutoInvest - Join the BETA,discourse_json_api_paginated,False
Trading 212,"New ""System theme"" 📲",https://community.trading212.com/t/new-system-theme,2023-01-11,"New ""System theme"" 📲",discourse_json_api_paginated,False
Trading 212,Warrants are now here 📜,https://community.trading212.com/t/warrants-are-now-here,2022-06-23,Warrants are now here 📜,discourse_json_api_paginated,False
Trading 212,Stock distribution is Now Available,https://community.trading212.com/t/stock-distribution-is-now-available,2021-10-22,Stock distribution is Now Available,discourse_json_api_paginated,False
Trading 212,Leaked Password - Proactive Checking,https://community.trading212.com/t/leaked-password-proactive-checking,2022-03-29,Leaked Password - Proactive Checking,discourse_json_api_paginated,False
Trading 212,Pies - Import / Export investments,https://community.trading212.com/t/pies-import-export-investments,2020-08-26,Pies - Import / Export investments,discourse_json_api_paginated,False
Trading 212,Web App - Advanced View,https://community.trading212.com/t/web-app-advanced-view,2021-01-22,Web App - Advanced View,discourse_json_api_paginated,False
Trading 212,New Web App for Invest & ISA,https://community.trading212.com/t/new-web-app-for-invest-isa,2020-09-08,New Web App for Invest & ISA,discourse_json_api_paginated,False
Trading 212,Company fundamentals,https://community.trading212.com/t/company-fundamentals,2020-02-06,Company fundamentals,discourse_json_api_paginated,False
Trading 212,Introducing Communities,https://community.trading212.com/t/introducing-communities,2021-04-16,Introducing Communities,discourse_json_api_paginated,False
Trading 212,Introducing Linked Pies,https://community.trading212.com/t/introducing-linked-pies,2021-03-10,Introducing Linked Pies,discourse_json_api_paginated,False
Trading 212,Become a beta tester of the Trading 212 iOS app,https://community.trading212.com/t/become-a-beta-tester-of-the-trading-212-ios-app,2020-08-26,Become a beta tester of the Trading 212 iOS app,discourse_json_api_paginated,False
Trading 212,Searching Stocks by ISIN now possible!,https://community.trading212.com/t/searching-stocks-by-isin-now-possible,2020-11-17,Searching Stocks by ISIN now possible!,discourse_json_api_paginated,False
Trading 212,Investment Return Breakdown,https://community.trading212.com/t/investment-return-breakdown,2020-08-14,Investment Return Breakdown,discourse_json_api_paginated,False
Trading 212,No more minimum pending distance requirements,https://community.trading212.com/t/no-more-minimum-pending-distance-requirements,2020-08-10,No more minimum pending distance requirements,discourse_json_api_paginated,False
Trading 212,View sell price before buying,https://community.trading212.com/t/view-sell-price-before-buying,2020-07-10,View sell price before buying,discourse_json_api_paginated,False
Trading 212,Sell price on Invest accounts,https://community.trading212.com/t/sell-price-on-invest-accounts,2020-03-02,Sell price on Invest accounts,discourse_json_api_paginated,False
Trading 212,Value orders - Launched 🚀,https://community.trading212.com/t/value-orders-launched,2020-06-01,Value orders - Launched 🚀,discourse_json_api_paginated,False
Trading 212,Value orders - join the BETA,https://community.trading212.com/t/value-orders-join-the-beta,2020-05-07,Value orders - join the BETA,discourse_json_api_paginated,False
Robinhood,Robinhood Ventures Fund I (RVI) Invests $25M in Crusoe,https://robinhood.com/us/en/newsroom/rvi-crusoe,2026-09-17,Robinhood Ventures Fund I announced a $25M investment in Crusoe.,newsroom_listing_plus_targeted_search,True
Robinhood,Robinhood Canada Celebrates the Opening of its Toronto Office,https://robinhood.com/us/en/newsroom/robinhood-canada-celebrates-opening-of-toronto-office,2026-09-16,Robinhood Canada opened a new office in Toronto.,newsroom_listing_plus_targeted_search,True
Robinhood,Robinhood Teams Up With Crypto.com and OG.com to Expand Access to Prediction Markets,https://robinhood.com/us/en/newsroom/robinhood-cryptocom,2026-09-08,Robinhood partnered with Crypto.com and OG.com to expand prediction-markets access ahead of the fall.,newsroom_listing_plus_targeted_search,True
Robinhood,Robinhood Ventures Fund II (RVII) Announces Pricing of Initial Public Offering,https://robinhood.com/us/en/newsroom/rvii-final-pricing,2026-08-13,Robinhood Ventures Fund II priced its IPO.,newsroom_listing_plus_targeted_search,True
Robinhood,Robinhood Launches Crypto Trading for UK Investors,https://robinhood.com/us/en/newsroom/robinhood-launches-crypto-trading-for-uk-investors,2026-08-10,Robinhood launched crypto trading for UK-based investors.,newsroom_listing_plus_targeted_search,True
Robinhood,Robinhood Presents: HOOD Summit '26 - Engines of Creation,https://robinhood.com/us/en/newsroom/robinhood-presents-hood-summit-26-engines-of-creation,2026-08-10,Robinhood previewed its HOOD Summit 2026 event.,newsroom_listing_plus_targeted_search,True
Robinhood,Robinhood Ventures Fund I (RVI) Invests $30 Million in Whatnot,https://robinhood.com/us/en/newsroom/RVI-Whatnot,2026-08-07,Robinhood Ventures Fund I invested $30M in Whatnot.,newsroom_listing_plus_targeted_search,True
Robinhood,Introducing Robinhood Ventures Fund II (RVII),https://robinhood.com/us/en/newsroom/introducing-rvii,2026-08-03,Robinhood announced its second Ventures Fund.,newsroom_listing_plus_targeted_search,True
Robinhood,Robinhood Reports Second Quarter 2026 Results,https://robinhood.com/us/en/newsroom/robinhood-reports-second-quarter-2026-results,2026-07-29,Robinhood's Q2 2026 earnings report.,newsroom_listing_plus_targeted_search,True
Robinhood,The Robinhood Ventures Fund II (RVII) IPO Roadshow Begins August 3,https://robinhood.com/us/en/newsroom/rvii-roadshow,2026-07-27,Announcement of the RVII IPO roadshow start date.,newsroom_listing_plus_targeted_search,True
Robinhood,Robinhood Unveils Powerful New Tools for Active Traders at HOOD Summit 2025,https://robinhood.com/us/en/newsroom/hood-summit-2025-news/,2025-09-10,"Robinhood Social (verified trading community), AI-powered custom indicators/scanners, futures trading on Legend, and enhanced mobile trading (short selling, overnight Index Options).",newsroom_listing_plus_targeted_search,True
Robinhood,"Introducing Robinhood Strategies, Robinhood Banking, and Robinhood Cortex",https://robinhood.com/us/en/newsroom/introducing-strategies-banking-and-cortex/,2025-03-27,"Robinhood Strategies (capped-fee advisor service), Robinhood Banking (premium banking features), and a preview of Robinhood Cortex (AI market-analysis tool).",newsroom_listing_plus_targeted_search,True
Robinhood,"The Legend Awakens: Introducing Robinhood Legend, Futures Trading, and Index Options",https://robinhood.com/us/en/newsroom/the-legend-awakens/,2024-10-16,"Robinhood Legend (desktop platform), futures trading, and index options support for active traders.",newsroom_listing_plus_targeted_search,True
Robinhood,Introducing the Presidential Election Market,https://robinhood.com/us/en/newsroom/introducing-the-presidential-election-market/,2024-10-28,"Presidential election event contracts on Robinhood's derivatives platform, priced $0.02-$0.99.",newsroom_listing_plus_targeted_search,True
Robinhood,Robinhood Launches the Lowest Margin Rates Among Leading Brokerages,https://robinhood.com/us/en/newsroom/new-robinhood-margin-rates/,2024-05-21,"Tiered margin rate structure, 5.7%-6.75%, adjusting automatically with account margin balance.",newsroom_listing_plus_targeted_search,False
Robinhood,Introducing Robinhood Advanced Charts,https://robinhood.com/us/en/newsroom/introducing-robinhood-advanced-charts/,2022-08-17,Advanced charting tools with technical indicators for all users (pre-window; included for completeness).,newsroom_listing_plus_targeted_search,False
Coinbase,You can now participate in IPOs on Coinbase,https://www.coinbase.com/blog,2026-09-21,IPO participation feature on Coinbase.,blog_listing,True
Coinbase,Consumer Protection Tuesday: Taking Down Evil Tokens,https://www.coinbase.com/blog,2026-09-22,Consumer-protection blog series entry.,blog_listing,True
Coinbase,Autopilot: engineering an agentic quality loop for support automation,https://www.coinbase.com/blog,2026-09-21,Engineering post on an AI support-automation tool.,blog_listing,True
Coinbase,Coinbase and Stablecore bring stablecoin and digital asset services to community and regional banks and credit unions,https://www.coinbase.com/blog,2026-09-16,Partnership expanding stablecoin services to community/regional banks.,blog_listing,True
Coinbase,We're lowering fees for many active traders on Coinbase Advanced,https://www.coinbase.com/blog,2026-09-16,Fee reduction for active traders on Coinbase Advanced.,blog_listing,True
Coinbase,Consumer Protection Tuesday: AI-Powered Continuous Adversarial Testing at Coinbase,https://www.coinbase.com/blog,2026-09-15,Security/testing blog post.,blog_listing,True
Coinbase,"Coinbase brings stablecoin payments and custody to community banks and credit unions, in partnership with Moov",https://www.coinbase.com/blog,2026-09-10,Stablecoin payments/custody partnership with Moov.,blog_listing,True
Coinbase,Coinbase and Morpho bring USDC earning to Brazil and Canada,https://www.coinbase.com/blog,2026-09-09,USDC-earning feature expansion to Brazil and Canada.,blog_listing,True
Coinbase,How Coinbase Design Systems Are Powering the AI Prototyping Era,https://www.coinbase.com/blog,2026-09-09,Design-systems engineering post.,blog_listing,True
Coinbase,Getting paid in crypto just got a lot more powerful with Coinbase Business,https://www.coinbase.com/blog,2026-08-11,Coinbase Business payment features.,blog_listing,True
Coinbase,"Coinbase launches a new matching engine, upgrading its derivatives platform with ultra-low latency and deep liquidity",https://www.coinbase.com/blog/landing/product,2026-08-12,New low-latency matching engine for Coinbase's derivatives platform.,blog_product_landing,True
Coinbase,Coinbase Q2 Earnings: Everything Exchange Drives 3rd Consecutive Quarter of Record Crypto Trading Volume,https://www.coinbase.com/blog,2026-07-30,Q2 2026 earnings report.,blog_listing,True
Coinbase,"Pre-IPOs Are Launching on Coinbase, Starting with SpaceX",https://www.coinbase.com/blog,2026-06-03,"Pre-IPO trading feature launch, starting with SpaceX.",blog_listing,True
Coinbase,Coinbase Partners with MassPay to Unlock Cross-Border Stablecoin Payouts for Global Enterprises,https://www.coinbase.com/blog/landing/product,2026-06-11,Cross-border stablecoin payout partnership with MassPay.,blog_product_landing,True
Coinbase,Coinbase Payments: A Complete Solution for Stablecoin Payments,https://www.coinbase.com/blog/landing/product,2026-06-09,Launch of Coinbase Payments product.,blog_product_landing,True
Coinbase,Coinbase Brings Global Crypto Derivatives to US Market,https://www.coinbase.com/blog,2026-05-29,Global crypto derivatives now available in the US.,blog_listing,True
Coinbase,Coming June 14: Perpetual-Style Equity Index Futures,https://www.coinbase.com/blog,2026-05-21,Announcement of upcoming perpetual-style equity index futures.,blog_listing,True
Coinbase,Coinbase powers USDF: Flipcash's Custom Stablecoin,https://www.coinbase.com/blog/landing/product,2026-05-20,Infrastructure partnership for a third-party stablecoin.,blog_product_landing,True
Coinbase,Coinbase Q1 Financial Results Show Resilient Financial Performance,https://www.coinbase.com/blog,2026-05-07,Q1 2026 earnings report.,blog_listing,True
Coinbase,"Coinbase Powers the First Crypto-Backed, Conforming Mortgages by Better",https://www.coinbase.com/blog,2026-03-26,Crypto-backed mortgage product partnership with Better.,blog_listing,True
Coinbase,Coinbase Australia Receives AFSL Licence,https://www.coinbase.com/blog,2026-04-07,Regulatory licensing news for Coinbase Australia.,blog_listing,True
Coinbase,Coinbase Receives Conditional OCC Approval: Building the Future of Finance,https://www.coinbase.com/blog,2026-04-02,Regulatory approval news (OCC).,blog_listing,True
Coinbase,System Update: Take Control of Your Money with Coinbase,https://www.coinbase.com/blog/system-update-take-control-of-your-money-with-coinbase,2026-06-16,Product-update event announcement.,targeted_article_fetch,True
Coinbase,System Update: The future of finance is on Coinbase,https://www.coinbase.com/blog/system-update-the-future-of-finance-is-on-coinbase,2025-12-17,"Major platform expansion: stock trading, prediction markets, simplified futures trading, Solana DEX integration, an AI-powered advisor tool, Coinbase Business general availability, and global Base App availability (140+ countries).",targeted_article_fetch,True
Coinbase,How We Are Making Coinbase Easier to Use,https://www.coinbase.com/blog/how-we-are-making-coinbase-easier-to-use,2025-08-14,"Four account-restriction/verification improvements rolling out Q3/Q4 2025: automated in-app Enhanced Due Diligence, voice support with activity logs, compliance automation, and new security options (Consensus 2FA, Time Delay) to reduce false-positive lockouts.",targeted_article_fetch,True
Coinbase,Create your own stablecoin with Coinbase,https://www.coinbase.com/blog,2025-12-18,Stablecoin-creation tooling for businesses.,blog_listing,True
Coinbase,The next wave of Coinbase One onchain benefits,https://www.coinbase.com/blog/landing/product,2025-09-10,New Coinbase One subscription benefits.,blog_product_landing,True
Coinbase,Coinbase unlocks millions of assets with DEX trading,https://www.coinbase.com/blog/landing/product,2025-08-08,DEX trading integration expanding available assets.,blog_product_landing,True
Coinbase,Earn up to 4% bitcoin back on every purchase with the new Coinbase One Card,https://www.coinbase.com/blog/landing/product,2025-06-12,Launch of the Coinbase One Card with bitcoin rewards.,blog_product_landing,True
Coinbase,Introducing Coinbase Business: The All-in-One Financial Platform for Modern Companies,https://www.coinbase.com/blog/landing/product,2025-06-12,Launch of Coinbase Business platform.,blog_product_landing,True
Coinbase,Powering the future of ecommerce: Introducing Coinbase Payments,https://www.coinbase.com/blog/landing/product,2025-06-18,Coinbase Payments product launch for ecommerce.,blog_product_landing,True
Coinbase,Canadians Can Now Earn up to 4.5% Rewards on Their USDC Balance,https://www.coinbase.com/blog/landing/product,2025-09-16,USDC rewards rate increase for Canadian users.,blog_product_landing,True
Coinbase,Earn competitive yields by lending your USDC,https://www.coinbase.com/blog/landing/product,2025-09-18,USDC lending feature launch.,blog_product_landing,True
Coinbase,A Guide to the Digital Asset Listing Process at Coinbase,https://www.coinbase.com/blog/landing/product,2025-09-10,Explainer on Coinbase's asset-listing process.,blog_product_landing,True
Coinbase,The ideal way to launch – introducing token sales on Coinbase,https://www.coinbase.com/blog/landing/product,2025-11-10,Token-sale feature launch.,blog_product_landing,True
Coinbase,Kalshi prediction markets powered by USDC and safeguarded by Coinbase Custody,https://www.coinbase.com/blog/landing/product,2025-11-13,Prediction-markets integration with Kalshi.,blog_product_landing,True
Coinbase,Introducing a Powerful Suite of Business Payment Tools on Coinbase Business,https://www.coinbase.com/blog/landing/product,2025-10-16,Business payment tools launch.,blog_product_landing,True
