review_id_hash,app,platform,review_text
ebaf6cf865fcfd83bb3ea0a9,Trading 212,google_play,"I didn't like that I had to press twice to change the ""chart period"". I prefer one time to press it."
1e71d9855868a26d3defc02d,Coinbase,google_play,"I love coinbase because I buy all of my crypto, I also stake and I have the opportunity to trade. Customer service is fantastic and my crypto is always safe. I wish they would bring back the XRP wallet. Otherwise, they are perfect. ❤️"
65bf9bef6decf8d46de236d6,Robinhood,google_play,Don't know yet just getting started so I'll get back to u on that.
b8d163cb79a1bf62d272bd7a,Coinbase,google_play,"Very useless app, make sure that all my funds are safe 🤬. you won't allow me login with normal network and still won't allow me login with VPN. I just pray that all my funds are safe."
22a40547cef7f21ae8b563d7,Coinbase,app_store,"Die Transaktionsgebühren und Spreads sind extrem hoch im gegensatz zu anderen anbietern. 1,9% spread ist kriminell und oben drauf 5€ transaktionsgebühr bei jedem kauf/verkauf"
826bdc86cf5063b4eb9d819d,Robinhood,google_play,Just read the negative reviews and stay away from this trash heap. They WILL steal all your money.
5bfac1892abae73118aeb66b,Robinhood,google_play,how to delete account its not available as option
593232139f913a0fbfad56d8,Coinbase,google_play,O M G ! So simple ! ..... But .... I don't want to loose my money !
bc15f7337d6905c3823f33e5,Coinbase,google_play,Great working app.Excellent customer service stayed on the phone with me until we figured it out
67c4194021222bbe5cf1fc6f,Coinbase,google_play,best opportunity to create a money building machine
4e81e155af57a173eed0f5fd,Coinbase,google_play,Easy to navigate
5e3662aa711b18ebebaedf95,Robinhood,google_play,once you get comfortable with a setup that robin hood offers it's a really nice unstressful way to take control of your finances through robin hood personally I wouldn't go anywhere else thank you robin hood for your hard work and dedication to this professional financial app
55e195473e4d6271db49b4c0,Robinhood,google_play,great App . I recommend it. thank you
0268a1f7adc4e3468ba9a520,Coinbase,google_play,very easy to use. I would recommend the app to anyone!
a91d745dfa38ebbee2615aad,Coinbase,google_play,"The app is easy to use. It's fun, too. Crypto is here to stay, so you should find a way to be a part of it. Coin base is something you should look into if you don't want to be left behind."
d44a787141d19c6a9dae5fa9,Robinhood,google_play,very easy to invest and get into investing with
18fdf36263a97b47415a21f5,Coinbase,google_play,"I put $100 USD and bought Tezos. In the terms and conditions it said I could Unstake it in two to three days. I can live with that. But, when I wanted to unstake my Tezos I couldn't because you didn't provide me a way to unstake it. In contact law, to make a contract valid, both parties are to be in 100% agreement. I understood that I could Unstake in two to three days and you took that right away and tried to say something about there was something suspicious happening in my account."
152e1b9a75ea599858edc12b,Coinbase,google_play,All good
c9fe79f9536e553fab394c17,Robinhood,google_play,good I love it
1909bcefe36e204cf0204a2c,Coinbase,google_play,"Howz it,Dakine over hear so far so good ,my experience through Coinbase has been a hell of a learning ride ,through Coinbase my dreams and goals hopefully will come true..."
e5e5973110c191f3979d705c,Robinhood,google_play,"I'm pretty new at investing in stock and crypto. I've been on one other platform, and by far, Robinhood is the easiest for me to navigate. the other platform is congested with stuff that makes it super overwhelming. But Robinhood makes it super easy to navigate for new investors."
f2510152e2d0496c3a0806a7,Coinbase,google_play,I can't see my account
cfb2fd306b8187e2ffeee19b,Coinbase,google_play,fascinating
2e4c807c00c835c7966e6b84,Coinbase,google_play,Great easy earning
1f06c9c3cd2c8a0bae59bb4f,Robinhood,google_play,App is glitchy and slow. Trying to set up trades and screen won't even load. Probably switching platforms soon. 😕
2ed70872e0ce276ff313190e,Trading 212,google_play,Honestly very easy to use. So much information available on this app. Its FREE!! Very satisfied
eac5061b51c418fe6827b5a9,Trading 212,google_play,"Functionally easy to use, transfer & manage funds. UI could be improved, sometimes not immediately intuitive."
e048ddeb90b892a6ad03208e,Coinbase,app_store,5 star
11925ea4bbd0c9342ccd9689,Coinbase,google_play,Easy and friendly to use. Simplicity is the key
751bcb7f7b66f23cb20d5eaf,Coinbase,google_play,"Easy to use, transfer is pretty much instant."
5dffdb7647e6ac0918d25854,Trading 212,google_play,Absolutely amazing tool for beginners to advanced investors. You can simulate it in a practise account to start with if you're not sure investing is for you.
f1be5ce51ed0e34481a065ba,Robinhood,google_play,"Awesome platform, thank you to all the software programmers 🙏🙏"
bbc33b85de0ee69a69e57678,Coinbase,google_play,effective
49fbb5eebefb4d0571df6769,Coinbase,google_play,"I used to love the app, now it's slow and doesn't load parts of the app, plus it's harder to use than expected. I wish it went back to the app I knew a few years back. The layout was better."
6b44219e9973d9a60ebf785b,Trading 212,google_play,easy to understand
a67f9567d3c5adcabac4b1aa,Coinbase,google_play,"Trying to change my phone number and it keeps making me upload my ID to verify. When I get the email that it's been verified, it asks me to upload my ID again! All I wanted to do was change my damn phone number. I've done all of the troubleshooting several times. I get the same results."
2e7fd9c590ec3b0f35a5c62b,Trading 212,google_play,I am very impressed by this app. It has everything I need in terms of user experience.
44be46f3f9772c54970f536e,Coinbase,google_play,Until now it was trouble free.
e72bcdfa672a4f9b7b376661,Coinbase,google_play,Awesome
5bd97e00c9fbdf8e45d1d5c7,Robinhood,google_play,My account was closed and I am trying to get the funds refund. It back to my account as it has been deemed closed.\n And please let me know because I want to refund it back to my so far account. please
987d9351b6b59eb45d5478ba,Coinbase,google_play,👋
b7e4ee3bdfbe7a65a5c14dcb,Trading 212,app_store,"I’ve had my ISA Account with Trading 212 for the past 3yrs & found it so easy to access, transfer monies in/out without any hassle at all. The interest can be seen in real time. I’m so glad I found this App prior to the ISA side of it I was using it for Global stocks & shares too. Combining the two in a simple App. I would recommend this to my family, which I have my wife & daughter use Trading 212"
e29ebf45ba592e57d1a0396b,Coinbase,google_play,Easy to use. Tutorials are great.
1a16c3204aa138ce17a029b2,Trading 212,google_play,good application. better customisation of the interface would be useful.
1a600dfc432842f1c0f534c7,Coinbase,google_play,"Really enjoy this app, especially it's efficiency and speed"
1b90a9cc1f67564ecc769838,Robinhood,google_play,great platform
f6d63ae18ee5f442b79dce94,Trading 212,google_play,"Great, responsive app. No problems here"
217a8c27ce519d124b2a6432,Trading 212,google_play,Excellent app.
f2903095f76cb2831d400e8f,Robinhood,google_play,easy to use great way to start investing
0de7cf1a56b1077659fcb705,Trading 212,google_play,Enjoy using T212 for my Stocks and shares ISA.
97fd843d9ca01659848d631e,Trading 212,google_play,I'm not very good at it but it is fun.
d8eba377bcfb9a76f86700bc,Coinbase,google_play,fastball efficient with reasonable fees
17b16eafb2f40203e1a6dcfb,Coinbase,app_store,One reviewer posted “a fraudster got access to my account “ …Yeah that’ll be Coinbase.
b3b3b03f4c8d9fe0bee68601,Robinhood,google_play,Languages should be available as an accessibility option
d1f6d483ab78c45da97c5de7,Robinhood,google_play,lags a lot
98d77cac614106aa024240c7,Coinbase,google_play,Haven't been online in a long time. Can't bring up my acct.
fc4ffd75f9c6ac4bdc417416,Trading 212,google_play,loving the practice mode
33d195279f54a4416c3d5f16,Robinhood,google_play,I will do it later
0cca070809f06eb49c364091,Robinhood,google_play,Great platform
720b3d103b5c99e586fbe872,Robinhood,google_play,Blocked certain stocks from trading
bacfd65c3ba47ace596b3ade,Trading 212,google_play,"Verification is useless, five attempts and still getting generic message to try again without explaining the issue"
7e4f6dfd4b8dd691051c439d,Coinbase,google_play,Just a bunch of scammers . Never did get my sign up bonus
7cded5c0383ce389023a209b,Coinbase,google_play,Easy to operate. Details are well laid out.
b890824c421a4e354f7ca886,Coinbase,google_play,greatest
057ba0b3f778da9821850201,Coinbase,google_play,this is the first time for me at coinbas and it is very good
5f76789edce42cc3acd92f4f,Robinhood,google_play,"They closed my account for absolutely no reason. When I reached out via email they would not tell me why. Robinhood are scammers!! Be aware!! This is exactly what they said in email: As you were previously made aware, we will no longer be able to support you as a customer here at Robinhood. We reserve the right to close accounts in our terms and conditions. Please note that this decision remains final and no additional information will be provided. We wish you the best."""
a3efc313adc6c0ce03400671,Coinbase,google_play,I love coinbase. Simple to use and great security.
f8f7c2506e21beb643803513,Coinbase,app_store,Service for Scammers
af78add5674db47d99dca13c,Robinhood,google_play,"Is a little bit to understand because Is my first time doing it, but if you want to learned it's a good app for it."
cf013e3c150546506c6577aa,Coinbase,google_play,It doesn't work; it asks for personal information and doesn't allow me to log in. That's strange.
ea846f5b37583669c2886e68,Trading 212,google_play,great app
539ee3312a346216c2de31b0,Coinbase,google_play,All the need to know details about crypto I've learned from coinbase and only coinbase
95a74a5d67255f5700542166,Coinbase,google_play,Does not support pixel devices
a6f01786d4b7b67930015e99,Coinbase,app_store,"Super easy to use and very secure! I can buy, sell, and check my crypto anytime. Perfect for beginners and experienced users alike."
f200bc9c98e245488ecce8a9,Robinhood,google_play,"Everything works well for me, but when will the ""Strategies: Managed investing"" account get instant deposits? When that happens, I'll rate the Robinhood App 5 stars"
4391e783c5d761ea34c28847,Coinbase,google_play,fast reliable learn and earn
7add8102723571382ee3c9dd,Robinhood,google_play,Manipulation of trading rules is not a free market for all!
34b1c0dffaa029b53e72fb1f,Trading 212,google_play,"Easy to use,easy setup recurring orders. I'm happy with the app."
dc2f5c31cbd8ab687ab7eae1,Robinhood,app_store,Is this platform available in the UK? When I try to verify my address it gives me US options to fill!
b7f0685da1b4c5084dd72b42,Coinbase,google_play,Coinbase go brrrrrt
55222719a26f54ea74766a1e,Coinbase,google_play,sweet
e7bb8a562733516728d94f5f,Robinhood,google_play,"Great tool for teaching my kids how to invest, as well as great for me for those quick buys or trades on the go."
8980fecd3f5f15b3c8689eb6,Robinhood,google_play,I really like trading with Robinhood because it's very easy to get access to so many stocks and IPOs to come up with and get your 🎒 🛍 💰
9492e622f0b75e4811158bfd,Coinbase,google_play,What's going on with this app it. keeps crushing I can't open the app.
d1f61ebd7c269647d8226b72,Robinhood,google_play,l earn ing
15c803213ef6b8f813ad2bf5,Robinhood,google_play,great
093c481904c878ccf82382f7,Robinhood,google_play,"Substantial UI, easy to trade and has instant transfers from up to $1000. Has alternative trading interfaces where you can trade after-hours on Robinhood Legend. Great app!!"
083ef9310d01223002a31992,Robinhood,google_play,Value and efficiency
530049422b6b95dd8c656d67,Robinhood,google_play,Excellent investment tool for small amounts of money or larger
fc4b4772c9f70cf82d3350e3,Trading 212,google_play,"a good trading app, but since the latest update the layout has been over complicated and made the app difficult to use. 212 please simplify it like it used to be!"
ee2f4a17320d80d891349d4c,Coinbase,google_play,Excellent
1d37b9fdf0b4c8dc8af1211a,Coinbase,google_play,I like Coinbase even though you can get lower fees elsewhere. In the end it's worth it. The earn rewards section has made me some money over the years.
1f50b1e858d06f2ba1635502,Robinhood,google_play,"I love the ease of Robinhood. way better than Fidelity, which I also have. you don't have to wait days for ur money to clear. works for me😀"
73c4d529534cf676c842efc6,Coinbase,google_play,Great
3d86b471a0b475cc9048ff76,Trading 212,google_play,I just love it simplicity.
aa84c9cfc08e86af0cee3b4d,Coinbase,google_play,"Coinbase mistakenly flagged and locked my account because I made several investments in different time zones while I was traveling for work. They said my account was under investigation for money laundering. They cashed me out of all my investments at market value, and I missed several investment opportunities to board trains that were leaving the station. While their ""investigation"" was ongoing, I couldn't access my money. This took months. I tried to appeal but to no avail. Don't trust them."
d21e264934b3c7436125c96f,Coinbase,google_play,"Easy to understand and use. This is how I learned about how to buy, sell, convert..... also get the wallet. Just make sure you don't trust any airdrops or presales that are sketchy! A+"
6eb4b3183f0988ae7c1e7a71,Trading 212,google_play,Good for beginners
676387a3ca66f1cbb85ecbec,Robinhood,google_play,too much ads
1034691e293b1c7bbbc95a9b,Coinbase,google_play,I Love It
3f827f142d591e5b4f1eddcc,Robinhood,google_play,nice job
28941d88762285a098eb1866,Robinhood,google_play,This is a good app. Maybe one of the few indispensable ones out there. I recommend this app to anyone who wants to build their wealth in a non-intimidating way.
9e9c2592a24a6477297b6a9e,Trading 212,google_play,"Very good app, especially after all the upgrades and investment the company have clearly put in over the last couple of years. However the most recent interface upgrade is not great. Not sure why that was even necessary, it makes this needlessly difficult. Why try to fix something that wasn't broken? Please revert back to the previous interface."
961d96164563baa55e33bcd8,Coinbase,google_play,It's amazing!
d829c245a9f42872667a7e8f,Coinbase,google_play,"Still can't reclaim 4k+ in ethereum because CB won't support more networks on Web3 wallet. I'm homeless and need my money which should be as simple as just cloning contents of my web3 wallet into another wallet such as the other CB wallet, which does support network someone moved my ethereum to trying to steal it. Why is web3 wallet a walled garden inside an incompatible walled garden anyway? Maybe give an update occasionally about state of web3 too, instead of 1.5 yrs of this absolute bs!"
44973fd252806fbf9c2f9740,Robinhood,google_play,Don't want my data shared
dccd3f2092f749e34a457366,Robinhood,google_play,Great app!
a343819691daf295b1f1c03d,Coinbase,google_play,"Your ID verification is not user friendly, there's a lot of wallet. Why use your wallet. Bad experienced. UnInstalled succesfully!"
5b8e15989d3822ba2faa97ae,Coinbase,google_play,"it's a great crypto app, easy to use."
0b8505e0cf7a469140d371aa,Coinbase,google_play,this app hasn't been responding try to buy and never loads...so disappointing at first work well now going to hell
4d5f57af8f7ff72e5e2d22ec,Robinhood,google_play,I guess ok
b6f3d11fdeb5cdeebf0fa175,Coinbase,google_play,I love using Coinbase to buy crypto also I learn quite a bit from reading about each coin
949c553a873c88056c490aab,Coinbase,google_play,crashing all the time
7320f8669fd6b23decca96b6,Trading 212,google_play,It's very intuitive and versatile. Highly recommended.
f5ab1b0c5bbb6ff52193c611,Robinhood,google_play,everything is great until it starts to log me out every time I switch to a different app and go back to robinhood. I'm not sure why it needs me to enter credentials every time instead of asking for biometrics.
59a9810741b27b40ba08007e,Coinbase,google_play,This platform is very interesting. I'm beginning to like it a lot. The tasks needed to send and earn coins are pretty easy to learn.
4ec9395ba97f472005faa880,Coinbase,google_play,"really good fast trading, clear analytics"
446a323812c0059dcdb28f47,Coinbase,google_play,This app sucks! I tried three times and each time I couldn't get past the verification checking process. It keeps saying that I'm automated and not real. Ridiculous!
262d7084b25d3eafd716976c,Coinbase,google_play,"Connecting my bank was a real pain. Even with plaid, and I really didn't want to give plaid my info. Why is it so much harder here, then on every other app?"
844ca257cff194bfb576568d,Trading 212,google_play,BrIllaint interphase
a5258a0fc7935ca8bd2210a2,Trading 212,google_play,very good platform for investing
7efd3cee5df571d58f816b8b,Coinbase,google_play,Coinbase has done an amazing job with their user experience and platform. I love the ability to switch from basic to pro mode for cheaper fees. There's very little that I could complain about other than downtime when there's extremely high volume.. but that's pretty much all exchanges. Overall Coinbase gets 5 stars!
c629affc6c1e2e195b6316b3,Robinhood,google_play,Does what I need when I need it.
60c9e206dff89e1881a99486,Coinbase,google_play,easy and fast. Verification was simple and bank set it up right away.
55799fc5fc85b7d4dc0ef6ae,Robinhood,google_play,"perfect for a new trader and experience traders, simple to use and lots of tools"
89aac5460abd2d4878652a40,Coinbase,google_play,i trade in trading view and transfer from here and i wont be using this app anymore after today i cant transfer my own funds right after adding cash into it apart from the fee they charge me like why cant i even transfer if yall already charged me the fee makes no sense
91ee14e15fa4999942128b7e,Robinhood,google_play,"pissing me off. I logged into the app using 3 direction selfie. logged out and tried to log in on my phone. now im stuck in a ""verify new device in your other device"" / verify text loop. i cant get into the app to approve myself and I don't have my old phone number AND to make it all that much more aggravating I CANT REACH ANYONE TO HELP ME!!! what a security infrastructure NIGHTMARE"
9065849729012e04d6819929,Trading 212,google_play,"I've used this platform for trades for years, I've used many over the years, but this one I can say is the most easy and friendly to use. I purely use this for my stock ICA I don't do CFDs so no idea about that side of it, but for stocks it's one of the best."
162a920b3626d64fd023ca9c,Coinbase,google_play,"Great exchange service. Fast and easy, and have had no issues."
490dd2940133802d839c6aeb,Coinbase,google_play,Been interesting! and lurn a bit about crypto. And how it moved from place to place and changing crypto to cashing out ? Good experience i think
b277d7ca4f9a99625f56c75e,Coinbase,google_play,Virify your phone number. Too many attemps. Previous attemps count: 0. Nice.
25d6544ebdf1ab9d8ebb92b7,Trading 212,google_play,great
d270b480786e5fd09100bb64,Coinbase,app_store,Super
06e1afe28722e01e1162f109,Coinbase,google_play,best crypto app I've used so far
b847dd1ae91209a850bd98ef,Robinhood,google_play,"very good, simple, efficient.. just one simple request.. I wish the app showed TOTAL invested amount and CRUURENT value of the invested amount flashing some where. every time I need to manually calculate it.. this would be motivating. good luck.."
7a44fe446568bb781daeb272,Robinhood,google_play,This is a great app! I have recommended it to family and friends and will continue to do so.
f62cac09c1d5565aaea6a4cb,Coinbase,google_play,Strait forward.
bc5ccf237e55a245396f5f0e,Robinhood,google_play,crooks sell stocks to cash is way to much time. cost me with my Robin hood cc bill
eace3b30056f77ae9a698a7a,Coinbase,google_play,"A great intro to crypto. Good source for some free offers, and it teaches you the ropes quite well. Not robust enough to be my primary wallet, but very useful for beginners and those who are intimidated by the prospect of crypto. Wish they had better connectivity, it's always hard for me to move money—my primary bank is Fidelity and it's always a chore transferring as there is no way to send from it, so I have to use an intermediary bank. Love the card too, but same issue: it's hard to fund."
224191810bb6826e86be9183,Trading 212,google_play,Unintuitive interface
89b2e70cc26e67c550f610d0,Robinhood,google_play,"Been great , helping not just with learning but also fundamentals to take into the future."
d77dadd448d85a643d8f887f,Coinbase,google_play,They allowed someone to hack my account and steal all my funds they robbed me of everything
3ae1076e6e619c7835e4e2f9,Coinbase,google_play,"Fees, Fees, Fees. Coinbase should change their name to ""Nickel- And-Dime"". There needs to be more transparency on their many fees and spreads. Fees need to be cleary displayed on a rolling scale as well as clearly showing/calculating the combined fee amounts that have been charged/accumulated. Transfer vs purchase vs deposit fee ratios are all inconsistent. Definitely check out the other competitors and crypto services to pick the one that best suits your trading needs before you commit."
396e0e53786e6617148d99d5,Robinhood,google_play,I've been with using Robinhood for many years. The app has always worked well.
87f05f574d72eccc4cfa8b6c,Robinhood,google_play,"move crypto in seconds, but takes 5 days to process payments into robinhood, anyone else see something wrong here, I did reach out, you all said because you all use ach transfers that's what it takes 5 days, but ach's clear in 3 days not 5, and at this day age that's the fastest you can move money, I can send money to friends in another country in seconds"
bc37e010ca539806aaf6548d,Coinbase,google_play,😎
ed62ac2d2220f6474a93c099,Trading 212,google_play,straight forward and intuitive
ab2d9f529fc1c8e58c0bdc8c,Robinhood,google_play,"won't even let me sign up, trash app"
7d57b0eb1722d25ef5b8559c,Coinbase,google_play,"Just started out on here about a month back.. already had minimal knowledge on how the markets work so I came in at least swinging. It's definitely user friendly and very informative. Could use some features/changes added in but that's for me personally, maybe implement custom screen layouts. Still, 5 stars!"
9b0f4a728f1bf918fa482f75,Coinbase,google_play,"I have a coin base account but it does not recognize me, I already connected to my banking account. it is a continuous loop of futility??"
be28b859935bbf892fe5039c,Coinbase,google_play,I find Coinbase a very safe and secure exchange for trading.
e3bcffb8742e3021d5c81751,Coinbase,google_play,easy to use. efficient and easy to navigate. it would highly recommend Coinbase for crypto transactions. it gives you the price change of currencies by the second. great for buying low and selling high. I was recommend to use Coinbase and I'm very happy with it.
c974e123c92836976b63d407,Robinhood,google_play,User friendly if your new to trading but also has options for any level of trades
ee1165ea69177439b78eee64,Coinbase,google_play,professional
71b7b8240f5e60a95cfa41c9,Trading 212,google_play,Great so far after about a week. seen other users and youtubers rate it highly.
65fdb6c615b5168a660d6765,Coinbase,google_play,setting buying price linit
bc8d0161667bc2771ee242e5,Trading 212,google_play,"I haven't used anything similar to compare it with, but it works well for me."
80cb95d889360ed978cda45b,Coinbase,google_play,easy money
02cd19c339d6c1411a5158e7,Coinbase,google_play,Awesome
583bda12e7b0b8fbdc231ad5,Coinbase,google_play,this app is a scam you can invest in a profitable crypto and still be loosing money the entire time. customer service is also terribke
c1f7f12a7169911a09b09b52,Coinbase,google_play,"The App is pure garbage. I work for google, and we had half our engineering department try to use the app, and all it does is freeze or won't load. The website works, but the APP is trash. Won't work on 51 different phones."
71daa173a2842500dd808806,Coinbase,google_play,I guess you don't support the black community after all
eb995b26aede5e7d366cece1,Robinhood,google_play,Excellent
1b3133047963d4ee16ccd62f,Coinbase,google_play,It life saving and easy to use
0714204beecfdba7ca94018a,Coinbase,google_play,Great!
efcd50e49c8bd3d20fadab45,Coinbase,google_play,All good !
af82c66fdaf76159930eb42e,Robinhood,google_play,"Using Robinhood gold has been a great introduction into the market and also a good learning tool. Not the best, not the worst. Haven't had any issues from both the portfolio side or the prediction market. Have not ventured into the AI aspect yet but looks promising."
abd87ddbce7a4da1d786adca,Coinbase,google_play,I can't login with this APP .. after I get my verification code put in it takes me all the way back to the Cover Page where I begin signing in .. & it does this over & over & over .. I have to login thru my browser but there are some features only available thru the APP & I need access to those as well
fd07a53726be033e259a1daf,Coinbase,google_play,It's a good way to start to learn how crypto and bitcoin investing works
20809c18b0a9aa257fddb997,Robinhood,google_play,"I spent cosiderable time trying to go through plaid, no success, frustrated and disappoited..."
745dccb63d40123882f2b312,Robinhood,google_play,Absolutely love it.
31977e687fae41cfc92c87ee,Coinbase,google_play,It's fun to use this well designed app.
4ede572c50887b315cf119cc,Coinbase,app_store,"Super helpful & patience! 

Thank you."
30595167e2176b4030fd32b9,Robinhood,google_play,😎
d62783b0e67ca7fe7be750b4,Robinhood,google_play,good
2c7fe75fadb976e3dca4639e,Robinhood,google_play,doubt i could do it with out them! thank you Robinhood!
ac4fff15d6443cbd73689e76,Robinhood,google_play,they are the best
8fdd618444e396a0d3717e1c,Coinbase,google_play,It's great love it
04e48ed622e5fca03b45ad2a,Coinbase,google_play,Bona-fide experience.
3c4a85c875654d20b84ac16d,Robinhood,google_play,Easy to use.
53d2b4bcd6f70761fe9cc5f3,Coinbase,google_play,Easy to use
15eb2c51417740c477c7b789,Robinhood,google_play,easy to use. Great platform
d73a8783da41400288684a74,Coinbase,google_play,everything is working at the moment except the charts. 95% of the time i can't pinch/zoom/move the charts around.
3204c1664fcf6472f0983f3c,Robinhood,google_play,"They have no, zero, nada, zilch, customer service if you have a problem. If they decide to cancel your account, they will hold YOUR money hostage for a very long time while they earn money investing it and not give you any of the return. There are much better, more reputable, free online investing companies. Use anything else besides this company."
b9e5a067467ce4226a59c567,Robinhood,google_play,11am 11am waa q and w qq w qaaQaear q qq q aqq waq Aquapark q w
554bb796a2f5ec605c6c7c28,Robinhood,google_play,Quit restricting a free market.
cb90620e91a4fd92186215de,Coinbase,google_play,Good sometimes frustrating
53528107df2b60fbcc0dfc07,Trading 212,google_play,The best
2b0a8ee07780155986523f12,Coinbase,google_play,it was amazing 👏
71b65e10c71c2a5b9133abbf,Robinhood,google_play,DONT USE ROBINHOOD FOR OPTIONS TRADING. They will not notify you of any corporate actions with your options. You will lose all you have invested in those contracts. You will lose even if you predicted the correct direction of the price movement. The contract becomes something1 and can only be sold for a penny per contract no matter if your in or out of the money. DONT USE ROBINHOOD FOR OPTIONS TRADING!!!!!
a6034e59970009a927f46005,Robinhood,google_play,Great app and instructions are easy to understand.
a4f3d231f7eb5e17867a2a45,Robinhood,google_play,"User friendly, efficient, and high yield savings feature for uninvested cash with gold. would recommend for a lot of investors."
cacb093ca1ad180326920c7f,Coinbase,google_play,superb!
b1ff97020b35bf970cf75fd8,Coinbase,google_play,"Just don't. Save yourself the frustration, time, and MONEY!"
4f305f4dd98075558014d5fd,Coinbase,google_play,I absolutely love earning while learning about crypto. And it's all done in segments so it's easier to retain
6961436d174c9ab68c440a17,Robinhood,google_play,very user friendly
a60fe22a2fc5d6991a1e1ecc,Robinhood,google_play,Love it !
e4ff610e83d0d5335a82ffe5,Robinhood,google_play,App crash 10 times a day
b2e3e645b82ef889f8fbf93a,Robinhood,google_play,"Stole my disability money $2,550 Evil Company! Very very corrupt from the top to the bottom. They made me pay $300 dollars in fees and never refunded me money. my lawyer said it illegal to have people pay money when they steel your money. The gmail email they give me doesn't help. They say use the mobile app. since they stole my money it doesn't work and they gave me a text number and doesn't help when they steel your money."
63f65b395f88ee302b6a82d4,Robinhood,google_play,Only had it a month but so far so good. I'm still in the early stages of this investment app. Right now I'm giving it five stars 🤩
bd6982fb3993f16254df9391,Robinhood,google_play,Horrible exp. Was labeled suspicious and put on hold right away. For a 1k transfer. Locked up my funds for a week. Don't use this app
e56ecd17967e9e5a819b2fbf,Robinhood,google_play,It's user friendly and helpful
264ef5b38e9785cf95069df9,Coinbase,google_play,"I won, that's enough."
46cde6aa5889985e65be7551,Coinbase,google_play,"anytime the app gets updated it resets the requirement for a pin or biometric to open the app, very poor security"
1b1d8e254696dac8ebdf1f74,Robinhood,google_play,this app is absolutely bad. from the quick icons to maneuver around to everything. the sign up process is absolutely horrible! 24 hrs of waiting for a approval just to have to resend my license and redo the selfie. did that and 12 hrs later nothing. requested a call from support which is also a pain...just to be told they made a ticket to have it reviewed and would be another 1-3 business days! absolutely horrible! I wouldn't recommend this app to anyone of any level of trade experience!
3ce0dcc7a67af2d017f7ab87,Coinbase,google_play,BEWARE. I joined around August 2017. They only had 3 coins Bitcoin eth and Litecoin. I was happy with the app. After a year or so went on coinbase pro. I was living in UK. I moved to LA for two years and have never been able to use the app since. The customer support could not get their software around the idea that I didn't have a SSN because I had never lived in USA. I showed them all my UK tax documents but eventually they restricted my account and a year later still can't my money out.
6884a06ebf3678782c8559fa,Robinhood,google_play,A fee by any other name still costs money.
6493d6ec2ab26cef864a4e31,Coinbase,google_play,Amazing
111c3069261a3c23ed3ffe30,Robinhood,google_play,Do it now
89264c885eeb686a7d5f29e9,Coinbase,google_play,App will not send verification code to your email for new device. To use an alternative methode you have to scroll through every month until the date of your birth. I had no idea I have been alive so many months so thanks for that.
57f51dc437d01745e48e40ba,Trading 212,google_play,"takes a bit of getting used to...so I would suggest watching YouTube vids to get a full low down...once you get used to it, know the different functions...it's good and I mean real good....my personal opinion is to start slow...then build"
4077ea8811f133c2e8fcf356,Coinbase,google_play,suddenly not compatible with my device
42ceb9a3845c13fdd7de6b24,Robinhood,google_play,Easy to use straight to the point.
9243a5755c0cf23e0a4321bc,Robinhood,google_play,"Doesn't accept my verification when i give all the required documents, checked multiple timed to make sure theres no problem on my end, there is not. Submitted same documents to a different platform and instantly accepted. So uh, literally unusable lol"
569a6114d5a4148c12cb7b03,Coinbase,google_play,awesome
942d931c0b8a2a6f7430453c,Coinbase,google_play,Easy to use and understand clean UI 👍
f576cbee8d3484db42503e35,Coinbase,google_play,why is the face Id section not available IN APP glad I'm transferring off of this garbage service.
936cafbd3635e48f94a885ed,Coinbase,google_play,TRY EM
5f335a66ed55f595837eb187,Coinbase,google_play,too much bs to sign in
2ac9dc9773741a18bb3e3471,Robinhood,google_play,Use to love the app but since the power outages I've lost over 500$ in profit from not being able to access the platform or data to save my capital... since then they have denied me compensation multiple times.. TRADE AT OWN RISK!!!!!
bfe6980f5cbfd276e73798cc,Robinhood,google_play,"Recent update broke the ability to make options trading even worth doing. You used to go into activity, open trades, click on an option makes changes hit back and it would bring you to your activity list and you could pull down to refresh. Now you hit back and it just says ""Activity"" at the top and all the rest is blank, you hit back and it brings you to your main account at which point you need to then click on activity again and go into open orders. If this isn't fixed it might be worth RH..."
ec8fb6384777e4cbf1d31d84,Coinbase,app_store,Attention à tous ceux qu’ils veulent se lancer dans la crypto avec Coinbase j’ai mis 90 euros il te retire 5 euros environ donc 85 je suis monté à 99 euros grâce à Solana je vends tout pour récupérer sur mon compte et la 9 euros de frais! 😳😳 plus jamais dessus j’ai gagner 23 centimes en tout 😂
97fbd8ae2bb18f30e78394c9,Coinbase,app_store,Ich kann mich seit über einem Monat nicht einloggen. Support ist absolut unfähig. Nehmt lieber was anderes!
86f21b7c4ba27e3fbd36b312,Robinhood,google_play,Wish I could get more information to get rich
226c6d9e13f65c7984766fb5,Robinhood,google_play,Easy trades
efcfb2b82c6adbf31dab8b86,Coinbase,google_play,"I got my account hacked money thousands of dollars transferred to a coin that I can not sell. At first, customer support promised I could change it back. Later, I found out that was a lie after jumping through all these hoops. Do not use this app or service."
93c4d6b997a4ecd4a136c00d,Trading 212,google_play,better than Trade Republic app
e4aad4eeb11a9f213dbd54ca,Robinhood,google_play,Very easy to comprehend and navigate.
6dc735c599a29ff37cd992cc,Robinhood,google_play,Git ro men up not or fni up
cc3e6264ebe85f262f5aecf8,Trading 212,google_play,"It's easy to set up and so far returns are great, only 2 weeks in and already surpassed the banks cash isa for the whole year."
65babf83109d8b5bf48211f1,Coinbase,google_play,"if I could rate this app less than one I would. I downloaded the app, put in all the information. after putting my checking account information in, there was 20 times more money available than what I wanted to spend on crypto. it would not let me spend a dollar. I went ahead and press the button to allow plaid to give them access to all of my banking information. although I did not like them having all of this information, they already had it at this point. it's still would not let me buy."
5e0b20ca4bf242939b04f303,Coinbase,google_play,Endless app sign in loop after installing won't let me log in
db641afc3de56754ec89b9a2,Trading 212,app_store,"Gute App, Bedienung absolut intuitiv. Es kommen immer mehr neue Funktionen und Angebote dazu. Für meinen Geschmack allerdings etwas zu überladen, zu bunt…"
8a729121620427647f54021b,Robinhood,google_play,I could not even get started. it is 12:06pm midnight and I've been on with customer service almost 1hr. 47min & 35sec to be exact and still cannot get verified with this app to get started. The lady helping has done a wonderful job with trying to get it started.
a007cdfc0d9cad003dbc0dde,Coinbase,google_play,"Coinbase is a great service, but the app has been absolutely awful as of late, not loading charts or taking forever to load them"
ecf91758eb8d650874c3ca48,Coinbase,google_play,i have used this app on this specific device for years. now it is saying my encrypted data is blocked and I have to access it on a familiar device. this IS a familiar device! still no access
4fb3f401770c1a6e44f91be4,Trading 212,google_play,"first time trader , app is simple to use"
9ae25bf9c3cf5bc59145ea30,Coinbase,app_store,Geile App super Service. Bin sehr zufrieden
8045736f25ecef72c043ba42,Coinbase,google_play,Very Good
aaed0cd838b35cc8fb6f0d5b,Trading 212,google_play,excellent graphic!!!
02b1bc55086d012a57ad4cd0,Coinbase,google_play,"the app is misbehaving on my device it just won't open just te blue screen saying coinbase, please help me out. !!"
0cb1510e6aa8d5458450a950,Robinhood,google_play,"Easy to use it, never had problems with this app."
8c0bdb6bbb7e3fba91ac94a9,Coinbase,google_play,great
0d6b422ffc1197a79a260b05,Robinhood,google_play,Great first start i think lol
1637a0647e9b68870b3d50c8,Coinbase,google_play,Does everything it promises. Good job 👍
1237fd1e08e67e692bc996b9,Robinhood,google_play,It works well
0f1b9c61fafb8660914e5d9c,Coinbase,google_play,Very easy to use.
4264f1ec458d7053088dc40c,Robinhood,google_play,"Poor user interface, super slow withdrawals."
cc288d6b6ae6ab8f0f7b7fab,Coinbase,google_play,Seems good but fees are steep
f90504b839ec3dcd86ae420f,Coinbase,google_play,"Now that I have finally learned how to navigate through the site, it is good."
2f8d346b61c9e3dfcbd8e178,Coinbase,google_play,always lagging takes sometimes so long to get in app
37a1c50fbf21f21e60ab9646,Robinhood,google_play,we get screwed. we study for stock growth when it grows they lock the stock making us miss the growth and keep profit we should have. First gamestop now wolfspeed. stop screwing us little people.
e0db157e32c51f9648bf1b2d,Robinhood,google_play,I cant log in to my account after the update!
862d5d4e62330fd7aac7143c,Trading 212,google_play,"The new monthly statement format is terrible. it is not only missing crucial data like aaccount number, but also does not allow me to split per account. why do you need to make such change? ( but otherwise everything else very good)"
e5e7069d57c058d952e3cf17,Robinhood,google_play,Has recently been freezing constantly.
f4b4d201d2300345f0ac3647,Coinbase,google_play,"Fun,and easy to understand! Let's get rich B#$!h"
56605204c2427d096ac4b7e2,Coinbase,google_play,Safe and easy
3906353fb7c9f422ea5dbf9e,Robinhood,google_play,This is a truly wonderful app I am a beginner and I'm learning slowly how to make money through the different kinds of stocks investments cryptocurrency I am still having time just figure out how to make money other than that information they are giving me is satisfaction 😀 I'm loving I love to learn different things especially when it comes to making money 💰
e66a36957145fc49f591d4ce,Trading 212,google_play,Easy to use and great interface
4318bf521ff4e3219a0fb8a2,Robinhood,google_play,"so far, so good"
5d98babb61d69b4040b58f95,Coinbase,google_play,best experience
5028801d9965dd651e8acd24,Trading 212,google_play,"love this app, easy to use and better than the competition. please fix pies though! I want to see how much I've put in and the current value."
29cc049e30f8ff7f0fb671bc,Robinhood,google_play,Amazing so far
ad5b682732db98fa922c742e,Trading 212,google_play,"Stop torturing me to death with your alerts to enable fractional shares - I don't want it!! I even contacted support, and they told me to disable all notifications and miss on important notifications just to get rid of this one bloody annoying notification. It's absolutely frustrating.! Update 27 Nov 2025: Appreciate you trying to get to the bottom of this. I raised a rating to 2* for now. Subject ""Referal link issue"", Aug 4, agent- Nina M. (in-app support ticket)."
71f45926a594871ea930c133,Robinhood,google_play,Stock prices are not real time
d072017bfe37c171a4b155f9,Coinbase,google_play,Easy to use.
26c24827ff3b22698e948d10,Robinhood,google_play,es bien practica y facil. me encanta.
0e93ab088314abc30634f656,Trading 212,google_play,nice
b343c2aa3afe5ff53d398b79,Robinhood,google_play,Happy investing
618c130eccaaa3b9e402652f,Trading 212,google_play,"Quick, intuitive, easy to use"
d9519e716f48889d88737eda,Coinbase,google_play,"Constant issues with unavailable account info and buggy transaction pages, making it near impossible to manage crypto on the fly or in a timely manner. If market conditions change, you'll be stuck behind trying to get this app to load the pages so you can make transactions. They could probably give cheaper fees, as they seem excessive, almost predatory."
5cbf055de34beda18bd9c311,Trading 212,google_play,Simple to set up and its great to see the interest you earn daily.
2ffe6a2dda1890e5211b6b66,Robinhood,google_play,changed my phone number and can't even get access to my account and no one has helped me resolve this issue
5b4a84e6609c7c8017faf346,Coinbase,google_play,Easy to navigate
7a4aea416cda3b425cf89bfd,Trading 212,google_play,"I used this apps paper trading and it's very good it's simple to use and has a beginner friendly interface, the only problem is that it is not available in pakistan so I can't really use it."
f4674bc22f66978dfa3b07d1,Coinbase,google_play,"I've been using it for years, it's a little challenging at first but, it's very profitable I promise! I give 100%"
93e17473ac2de0b85b80c4e4,Trading 212,google_play,usa not supported why?
15685dc58ac203fd83241d12,Robinhood,google_play,Best trading app i found yet
483eba15cdf29a67f82f88ae,Coinbase,google_play,Coinbase fees are to expensive. I pay $30 a month but I'm still being charged outrageous trading fees.
f54c5d6e4a3aebae2454a325,Robinhood,google_play,Easy to use
242bab9b9ddb757340c904f4,Robinhood,google_play,Good x
0487e6f2a2eee4869d65fd13,Coinbase,google_play,Works great and easy to access
61e87f5a92cebb41da7ee75d,Coinbase,google_play,Fire all the mobile developers.
9ee17ca5206f6b5270274ecb,Trading 212,google_play,easy to use app.
0a6c35aedde20f46b4f4201b,Robinhood,google_play,it's been hell never can I get into my account I have tried a different
e0ca4c98b60c29dd3515e6a8,Coinbase,google_play,coin base is amazing!! highly recommend!
2caad7802d6fabc096f71337,Coinbase,app_store,"seit dem 13.12 kann man kein USDT mehr empfangen, total affig sowas und auch ander Währungen kann man nicht mehr erhalten in Europa , werde Coinbase löschen, ist sehr schlecht geworden würde -5 sterne geben wenn es gehen würde"
4f0c14aaed1d8cd1384fda58,Trading 212,app_store,App interface becomes worse with every update
82f61e9ba1821e191e75ca1f,Coinbase,google_play,"lost my old number ,when I tried changing number,email verification wouldn't work ,hours n hours trying to fix,help centre was hopeless lost about, 1500$,Ur reply on here is far too late I had to delete my account,they already sent me that link ,which did not fix anything,stop trying to whitewash me n the public with your reply on here. people u should try independent reserve it's another exchange where your $ are safe."
01a85954df9d7803f1535288,Coinbase,google_play,"What exactly is wrong with you guys or your app? I can't operate it unless I turn on a vpn, now with the vpn turned on, it can't let me sign in. What am I supposed to do in this situation? I am tired and confused and need some help here. If there was a way to give a zero star, I would. Why should I send a message to your handles when you can as well give a feedback here so others can see and get help too?"
6136142593511cce4aecf8a9,Coinbase,google_play,Gives great information on each crypto.
76e8f5f343af211fc4b596f3,Coinbase,google_play,"Application uses banking and currency exchange to access personal information and sell it to marketing companies, as per the information they ""are required to gather."" Much like Cashapp as it is impossible to find guilt in an artificial intelligence creation, if it were human it would not have a room for the argument of what is it a financial institution, and what is a bank and what is a liaison or catalyst, for if it can be noun and not of noun, The breakout until the singular symbol format is."
7b079370102b5f15eba8457f,Coinbase,google_play,Easy to use and great for beginners and advanced features.
1cb1e1cbdad0773c890c6e06,Coinbase,google_play,great!
197ae113f4c75254a748fb6a,Coinbase,google_play,seems good easy to use
47134904702fcad817b3cbc6,Trading 212,google_play,"I have heard and seen many good things about this platform, I just hope they make it available in the U.S. soon!"
1d0eef83a55757c48568a2f6,Coinbase,google_play,Great app
9630433a7e129019e2bd3f28,Coinbase,google_play,I have always had good experience using coinbase and uthers by simply receiving good advice from someone in the industry
5052129deae08c1d3be2052e,Robinhood,google_play,"One of the best trading apps out there, but since last week's update the app keeps loading forever. Even if I force close it and reopen it, it still gets stuck on the loading screen. I'm connected to a 1 Gbps Wi-Fi connection, so it's not a network issue. Please fix this as soon as possible."
b4486a498dc585117a8a15a7,Robinhood,google_play,No good
