review_id_hash,labels
2b1abec0110188e81f360400,ACCOUNT_ACCESS_AUTH
62d8beaf678d7709a19e962e,USABILITY_NAV
80070054462d228c7e8aadd9,GENERAL_SENTIMENT
0556a10b0c6c76ffb6756153,USABILITY_NAV
c4f3d5530662fc73c8b706c2,USABILITY_NAV
77982e4abcb4bd6808790963,FUNDS_TRANSFER|FEES_SUBSCRIPTION|ACCOUNT_ACCESS_AUTH
7c45ffd8f27cc239dad4cd9f,FUNDS_TRANSFER|ACCOUNT_ACCESS_AUTH
3faa11b969720b24f4df56ad,PREDICTION_MARKETS
5e378ce45da44485e5015db8,GENERAL_SENTIMENT
1cc5fd2846fd58abf0ce99ca,GENERAL_SENTIMENT
4b24ce75e259961ce93b6f6f,ADVERTISING_NOTIFICATIONS
a0b64403ab1e7b8ee42deab7,GENERAL_SENTIMENT
0a64fb0108edc25616577eed,GENERAL_SENTIMENT
22208bfd1bdaed575b668a44,FUNDS_TRANSFER|APP_STABILITY_PERFORMANCE
9e17d03953224690f184faac,FEES_SUBSCRIPTION|GENERAL_SENTIMENT
a930a7cd443465abfd50bc8d,USABILITY_NAV
d6cb14f57d36ac2f0f715b6a,GENERAL_SENTIMENT
743864a6994de5e4f3166cba,GENERAL_SENTIMENT
4fb61a9ae9fc4e8fb94c29d8,GENERAL_SENTIMENT
20c7375ca346c4faed25c12b,SECURITY_PRIVACY|ACCOUNT_ACCESS_AUTH|CUSTOMER_SUPPORT
45a7c401caf72ce834a3d3b4,GENERAL_SENTIMENT
6a046ba0babbf86c9833c554,USABILITY_NAV
482a1bdf78121018994c57c5,USABILITY_NAV
37f7b41ee6e95fe605354dad,APP_STABILITY_PERFORMANCE
63cedf8fa9f7706c572851fa,APP_STABILITY_PERFORMANCE
66800f17c8574903eabe8b26,ACCOUNT_ACCESS_AUTH
36f36a5093755af637a42044,FEES_SUBSCRIPTION|CUSTOMER_SUPPORT
0236f2419d04b37db9d141af,FUNDS_TRANSFER
d137ec04a768d6d5995a855e,USABILITY_NAV
4d70dac6a99145433e332cae,ONBOARDING_BEGINNER
554d5eff7eba0ae848cb70a0,FUNDS_TRANSFER|FEES_SUBSCRIPTION|CUSTOMER_SUPPORT
393874412d485a54f707ee16,GENERAL_SENTIMENT
9da840bfb8c6d59b0468e042,GENERAL_SENTIMENT
ba3865e8cde77137ef835c5a,GENERAL_SENTIMENT
996aae89087ed74dff30da9f,GENERAL_SENTIMENT
30deba5a56e0a8a2af2ed59e,CUSTOMER_SUPPORT|CRYPTO_SPECIFIC
da6178a494c6283759ad39b9,GENERAL_SENTIMENT
9c6538c3b44ebd4cb020bb39,USABILITY_NAV
c4ae8c568a6970f590e13862,USABILITY_NAV
0a396fb6f72190be0d267c00,GENERAL_SENTIMENT
963c0e07119de31a7deb7eaa,GENERAL_SENTIMENT
676d9d089168f781a8a5f56b,CUSTOMER_SUPPORT|ACCOUNT_LIFECYCLE
d03fac746983aca70052ac2c,GENERAL_SENTIMENT
f1335ef173da7f0b3df6c98b,GENERAL_SENTIMENT
7c7c7870f6319413257ae002,USABILITY_NAV
d753dededfa308e87660d312,ACCOUNT_ACCESS_AUTH|TRUST_FAIRNESS_REGULATORY
b839efd7fec37d4920647153,USABILITY_NAV
2c0a84b4142a3f964d0e4e5d,GENERAL_SENTIMENT
9a0cb6e6fd4a709e81b27891,PREDICTION_MARKETS|TRUST_FAIRNESS_REGULATORY
9d459cee088e27fb7cb5d836,APP_STABILITY_PERFORMANCE
e7195a14c3f9a2fa5630109b,GENERAL_SENTIMENT
2c1ba2b6f500e314803efe0d,GENERAL_SENTIMENT
9c2753559f255d21eec3937c,USABILITY_NAV
13aadca2ffbd5a7d7011af62,USABILITY_NAV
375d7f9af3828717c5e7d7a0,GENERAL_SENTIMENT
1a33c5ae0fa25c0aff3afa84,GENERAL_SENTIMENT
8de0f9d2961b04f94a81daf6,GENERAL_SENTIMENT
296854eaa7fc7390b9344439,USABILITY_NAV
2b5c1f59ca8134a6e00cf311,GENERAL_SENTIMENT
a42a70635b1bc4306af175d4,ACCOUNT_ACCESS_AUTH|FUNDS_TRANSFER
10b882b383a30168ea31c7e3,USABILITY_NAV
c4fdeeaf43af2c1c6d1dc2b8,ADVERTISING_NOTIFICATIONS
a4a7aa70e191ba4ccefdb4c9,GENERAL_SENTIMENT
d0b6533bfc327fad899c3c58,GENERAL_SENTIMENT
300b9b0ab846e493d59a9abb,FUNDS_TRANSFER
89d83e30c137cf4fb500f848,ACCOUNT_ACCESS_AUTH
7bb7616055ef7f740892d18c,FUNDS_TRANSFER|CUSTOMER_SUPPORT
41d538d305f18ed9bc6cfffb,ONBOARDING_BEGINNER
0a230395b4a2d2bb851a904f,GENERAL_SENTIMENT
30cf927789e5bedac2fdbd34,TRADE_EXECUTION
7d6f9a0b3ddab18fbdc90639,CHARTING_TOOLS|CRYPTO_SPECIFIC
7ffcf4701c4f37dda40240d8,USABILITY_NAV
5c54b4f7c113d729a90117e5,GENERAL_SENTIMENT
914017ee7e4bdf795d02ddf3,ACCOUNT_ACCESS_AUTH
22e71d5a0ec5c4f2550fa921,FUNDS_TRANSFER
8320aef63200c9d607636bf5,ACCOUNT_ACCESS_AUTH|CUSTOMER_SUPPORT
e7875fc61f53a5f736e824ca,ACCOUNT_ACCESS_AUTH
6688862a14398fc51fbc624d,USABILITY_NAV
18db438eeb7781761d0ccf8b,USABILITY_NAV
c091bcfa4b1b7b7562fce9cd,GENERAL_SENTIMENT
c0b5c5e29282eeaf6eef9b46,USABILITY_NAV
346f64f5ded5cc126f7feadc,ONBOARDING_BEGINNER
ec77ef32317a41e286a6d133,GENERAL_SENTIMENT
1675b638ca8b016640b1f689,GENERAL_SENTIMENT
200417c5903ada0cdac71cb5,USABILITY_NAV
6df428bd9c7ad0a9edece58a,ONBOARDING_BEGINNER|TRADE_EXECUTION
e3f07a9f559c6eb437c11d95,GENERAL_SENTIMENT
74de633783d9225ec6d0758e,CUSTOMER_SUPPORT
3e0712bd31411d47fa11deba,ACCOUNT_ACCESS_AUTH
bd053bc746b4df1d9e680df8,GENERAL_SENTIMENT
5164a3f32387884031cf80ee,FEES_SUBSCRIPTION|ONBOARDING_BEGINNER
e9319692457cded02bc217d1,ONBOARDING_BEGINNER
93fae03ea44c7a2f91fc3c03,USABILITY_NAV
8642efa9ab746c3c8d65f03c,USABILITY_NAV
fca06e62fe4b576e5aab8ff8,USABILITY_NAV
6a45d9afc78de91bec63e112,ONBOARDING_BEGINNER
752a0395f3e55973a79873e3,GENERAL_SENTIMENT
b0df63925deba154cf4becde,GENERAL_SENTIMENT
c6087396c4ed7875e9e43c1a,GENERAL_SENTIMENT
3ef0d9886ea3c6048767f3b7,GENERAL_SENTIMENT
a13c8f9de0c2143d27f2f46e,CRYPTO_SPECIFIC|TRUST_FAIRNESS_REGULATORY
360ef9fc37e11f325e73775f,GENERAL_SENTIMENT
9aca0d5bd9d56e20c90d8cc7,ONBOARDING_BEGINNER
738a56a0fd6116041e265e16,ONBOARDING_BEGINNER
ab148af9d47c77330770480e,USABILITY_NAV
c64d1158c2034a42e075611b,FEES_SUBSCRIPTION
0e3e7b67f0495841c5925a49,GENERAL_SENTIMENT
2049b41bd868d139b8630a79,TRADE_EXECUTION|ACCOUNT_ACCESS_AUTH
507ce1493a43b985eb135c27,GENERAL_SENTIMENT
3d6f027825856bd306011096,GENERAL_SENTIMENT
941c57f05e71bfe7f4e939c5,CUSTOMER_SUPPORT|FUNDS_TRANSFER
ae77079d0e7cf806fbfeba6b,GENERAL_SENTIMENT
38e91c8c05d91d2e374e4a86,USABILITY_NAV
88a769fe2564407a8b33e81c,GENERAL_SENTIMENT
e89fd3a3f3936386a0620e47,SECURITY_PRIVACY|GENERAL_SENTIMENT
be0f99cc000f9272d53affb5,GENERAL_SENTIMENT
9cd41a74abcc930da6a8bbe3,CHARTING_TOOLS|APP_STABILITY_PERFORMANCE
faebab90cfdd70a1c15deea0,FEES_SUBSCRIPTION
5e4cb397edb0f10dbc28de2a,FEES_SUBSCRIPTION|USABILITY_NAV
aca2974aff3560fdbcc1d29a,USABILITY_NAV|TRUST_FAIRNESS_REGULATORY
845a09c183fe9ffcc6b1e04d,CRYPTO_SPECIFIC
9e9a6030f1c319fa9ab27652,USABILITY_NAV
804aa11390b0c7dbf3f07ebb,GENERAL_SENTIMENT
7891b4d6d89ba16c059d7c6d,USABILITY_NAV
896dacb55aee978fb9c1b05b,FUNDS_TRANSFER
5406817d086ddfe4c16e1c75,USABILITY_NAV
32f45d871e0158bb73d5d957,GENERAL_SENTIMENT
823e614a855a5836e6889153,ONBOARDING_BEGINNER
3038d3faa58cf465c6ee9b2c,USABILITY_NAV
a45c74d284f7ddcdc312716d,FUNDS_TRANSFER
6a59cf9ba46dd298e5169e54,ACCOUNT_ACCESS_AUTH
ac173d04674fd1d483bccf8b,GENERAL_SENTIMENT
5090773867cf24e992226dd1,FUNDS_TRANSFER|ACCOUNT_ACCESS_AUTH
cadd67d8c830aab39742698d,GENERAL_SENTIMENT
5c7a1d1f4b3983da999306b1,GENERAL_SENTIMENT
81f54ede0d3436ab89b6fbc0,GENERAL_SENTIMENT
b595579455cc5cb2c8e7d41e,CHARTING_TOOLS
84fb069ed267849447e03726,GENERAL_SENTIMENT
b3ed3317b33b1b8d48cb747c,GENERAL_SENTIMENT
c85837b6d24bb424883d0cc5,CUSTOMER_SUPPORT
99b99e9dcbe2af764f474645,ONBOARDING_BEGINNER|USABILITY_NAV
2938f9c9bdf9a25ca1b4a04e,USABILITY_NAV
f6b50f0c01c998154035ab64,ONBOARDING_BEGINNER
b088ffdf62a27d1f8b2f82ca,APP_STABILITY_PERFORMANCE
ace5b87631a59f985baf7030,FUNDS_TRANSFER
5d17a5a7706551f2cff82155,ACCOUNT_ACCESS_AUTH
1feeed63a989f31aad896cd7,ACCOUNT_LIFECYCLE|ACCOUNT_ACCESS_AUTH
6394d5a171fbc8c3adc69139,GENERAL_SENTIMENT
b86e5962557f25bc40ec0ad5,GENERAL_SENTIMENT
ebc0d007e2cffac0fda07eb1,FUNDS_TRANSFER|APP_STABILITY_PERFORMANCE
401740184680df74a8eded44,GENERAL_SENTIMENT
8810a11e57570bcdc785324f,TRUST_FAIRNESS_REGULATORY|CRYPTO_SPECIFIC
597c5da4deb7214555a04927,APP_STABILITY_PERFORMANCE
e1e982c8447b0076fc0d44d0,USABILITY_NAV
a76a16b5596deadf09228bc0,CUSTOMER_SUPPORT|ACCOUNT_ACCESS_AUTH
c1134aba6a813b851955c910,USABILITY_NAV
c6d07e33be98a97a33a23111,APP_STABILITY_PERFORMANCE
83e5e78fb2ecd007602da9c7,APP_STABILITY_PERFORMANCE
7a3782d9dcafad5ab9519c10,TRADE_EXECUTION
dae73860374eecd13a3876f3,CUSTOMER_SUPPORT
f5bd4faa09cfb0d3af35a278,CUSTOMER_SUPPORT|FEES_SUBSCRIPTION
20dc21f20373623dc5ae4334,ONBOARDING_BEGINNER|FEES_SUBSCRIPTION
7bfbe721e9ac787b8c5137cf,USABILITY_NAV
73f1fb4c0e3c5de8872133a4,GENERAL_SENTIMENT
5e3d5a53de43033062bd6cb6,USABILITY_NAV
0a30c8b4fb3a3b25666b5934,GENERAL_SENTIMENT
ea12277a300b2ea43fe10fe4,GENERAL_SENTIMENT
b14a528d87461238afd0aa0b,GENERAL_SENTIMENT
f173dde44c0a902a6b5ffe1b,GENERAL_SENTIMENT
6364964f7c9832d4df0913d2,USABILITY_NAV
a3e830fbd2c4a3a3d20cf0fe,GENERAL_SENTIMENT
c6dbdf1e8ceecc0d4d9d37ba,GENERAL_SENTIMENT
b4779e62c29786e7a99ff804,ONBOARDING_BEGINNER
e8335957d8f2234d1b666239,ASSET_COVERAGE
352cc179f062177debf877f5,TRADE_EXECUTION|FEES_SUBSCRIPTION
1a39e51351ad753f9e8db0b0,ONBOARDING_BEGINNER
0f77f9c20bb1e2df72ef3071,GENERAL_SENTIMENT
d4b2032524d9aefdac271f22,ACCOUNT_LIFECYCLE
0f93b4f7f7f706a6dd97398c,GENERAL_SENTIMENT
16e103c50537f92c7fd9e023,GENERAL_SENTIMENT
2bbb1384978721c0c079fccc,USABILITY_NAV
63799b5517e285298c243ec1,USABILITY_NAV
c40024b339e7d3160893114c,GENERAL_SENTIMENT
9c6b010f31a73007a91e889a,GENERAL_SENTIMENT
446c17539af97bc3d0b68b46,GENERAL_SENTIMENT
e3cbaadeb500ffc95b7c518a,FUNDS_TRANSFER
e6bb78a7082b42aa6f6577a3,ONBOARDING_BEGINNER|ADVERTISING_NOTIFICATIONS
6bd61922527c7a4895aefc42,USABILITY_NAV
7610150829623dcf9d7c2b16,ACCOUNT_ACCESS_AUTH
f7607f89bd79175442e31691,FUNDS_TRANSFER
57714e57a7bfafa1fb633848,USABILITY_NAV
ecf9c21b124594a3dd0d1bfd,ONBOARDING_BEGINNER
736e16a3d09d57f78dd4b152,GENERAL_SENTIMENT
02ea06a81af5ad0c53e956a5,USABILITY_NAV
68c15a0c901ded1adce448f4,ACCOUNT_LIFECYCLE|ACCOUNT_ACCESS_AUTH
3da272ab7a0c367e8b56179a,USABILITY_NAV
e2f95ca8f337424421faac73,APP_STABILITY_PERFORMANCE
e691da75655d2ab156a09db3,APP_STABILITY_PERFORMANCE
161aeb2d6cc3bf8258e6fdaf,USABILITY_NAV
7e74619a17dcf6d59ee6e929,APP_STABILITY_PERFORMANCE
73df1f30cb7c3350de547677,ACCOUNT_ACCESS_AUTH|CUSTOMER_SUPPORT
0bb5245968a42e1e5da71820,GENERAL_SENTIMENT
248d687ee0ffcb1656ab1ced,GENERAL_SENTIMENT
3b788baf0b15ba3281d31d75,FUNDS_TRANSFER|TRUST_FAIRNESS_REGULATORY
6136d9b3e8104750afb3437a,GENERAL_SENTIMENT
defbe3a558365317ae4ec426,APP_STABILITY_PERFORMANCE
55108eb7f753ebe597bf3cfc,APP_STABILITY_PERFORMANCE
04a940c8c0be7ee8c433a3e5,CUSTOMER_SUPPORT|ACCOUNT_LIFECYCLE
9515ef57f125ff1113a3bff5,APP_STABILITY_PERFORMANCE
3bd2e1b26bf73e5253e7a72f,USABILITY_NAV
4515412a939bfa6e3643b4c1,APP_STABILITY_PERFORMANCE
6545479c9cc66730df117486,TRUST_FAIRNESS_REGULATORY
cd263f207219721a4c5bce00,USABILITY_NAV
1747baa31777214d447632fb,GENERAL_SENTIMENT
e7aad07e6692d9ecdd6de9d9,TRADE_EXECUTION|CUSTOMER_SUPPORT|USABILITY_NAV
68f3ad4bf04d857d3ac5ca5f,ONBOARDING_BEGINNER
e9520a2164481478c902f1da,CRYPTO_SPECIFIC
a16abde4993554c1537da38c,USABILITY_NAV
0838a38402d8cd8a1ef20ba3,TRADE_EXECUTION|TRUST_FAIRNESS_REGULATORY
89b6983c8b868232d711f4c8,ACCOUNT_LIFECYCLE|SECURITY_PRIVACY
11199fe0b43877fa553c6c78,ACCOUNT_ACCESS_AUTH|FEES_SUBSCRIPTION
963ccb1147f23795190517c2,ONBOARDING_BEGINNER
d3fd181275185282fe4f6dcf,ADVERTISING_NOTIFICATIONS
83de2099c544d5157a22d112,ASSET_COVERAGE
2e8249d2a76de732b508d4cf,ACCOUNT_ACCESS_AUTH|FUNDS_TRANSFER
6dc6a36547c9ab84cd88931a,GENERAL_SENTIMENT
8bc4637aa7de4a9ed19e2ec3,USABILITY_NAV
7546cae17f6898f1c4333da6,CUSTOMER_SUPPORT|CRYPTO_SPECIFIC|ACCOUNT_ACCESS_AUTH
943b10d5b14748e6684438ce,ACCOUNT_ACCESS_AUTH
ddcfd2c8ff33b252c546f469,GENERAL_SENTIMENT
f987f12520351043222b9df2,GENERAL_SENTIMENT
f528b328e16b0d1cf1336f1f,GENERAL_SENTIMENT
006fa31518261397d41c4387,USABILITY_NAV
298be301008717b841f6366d,FUNDS_TRANSFER|CUSTOMER_SUPPORT
8b867a0b1444c98036a78ec4,USABILITY_NAV
90008778589d7cad70c2fc2c,USABILITY_NAV
5f5bae6f5c546065b815c8d2,FEES_SUBSCRIPTION
b4d536aa78a64e17a8532508,GENERAL_SENTIMENT
17a76a78775ccc470d669a52,USABILITY_NAV
5aec351d6c2170fd15918cb0,GENERAL_SENTIMENT
9dded6a2429d07b45d8d078e,SECURITY_PRIVACY|CUSTOMER_SUPPORT
a9be1765eed5c1a605b53248,USABILITY_NAV
ff63b9b57faf3d93e8c5be82,USABILITY_NAV
99f504e1ae038b630c6873ed,CUSTOMER_SUPPORT
81dedeb49e781fafa5fb085d,USABILITY_NAV
f97f88e9fd25ee6993bb8861,GENERAL_SENTIMENT
e6f34cdfeada5fe37d3cfd7f,USABILITY_NAV
88c5c66cb84c01509fab9600,GENERAL_SENTIMENT
289b2301b918a15033b04d47,GENERAL_SENTIMENT
d7c2a43c765d8bce9c74403b,USABILITY_NAV
5eee92c48ab5b59f9db6ac60,GENERAL_SENTIMENT
d4e8111926d2c43d96079fc9,APP_STABILITY_PERFORMANCE
82b98b7b91ab7d948ec72f63,USABILITY_NAV
9c889ff7f06e35f438d96149,ACCOUNT_ACCESS_AUTH
a271f129ca82201255db2b77,USABILITY_NAV
1bf4e9bab3c6f6a4e2ac1968,GENERAL_SENTIMENT
41d9d247dbba2e0860bab7cb,CUSTOMER_SUPPORT|FUNDS_TRANSFER
9889220c4b509c23868c762f,APP_STABILITY_PERFORMANCE
a6a47ff31dc059029d829da8,SECURITY_PRIVACY
049b9e73ea7a0e6401e59048,ONBOARDING_BEGINNER
620d945039c54914b9821927,CHARTING_TOOLS|ONBOARDING_BEGINNER
9994b64de81609f0cbf0c92f,SECURITY_PRIVACY
458bec7c5f954a1c6d348b38,CRYPTO_SPECIFIC
58a36189d8c348e7d562e9b5,APP_STABILITY_PERFORMANCE|TRADE_EXECUTION
636d360823773142b01698d3,USABILITY_NAV
2f659814086970b0b304904b,ACCOUNT_ACCESS_AUTH|ASSET_COVERAGE
2f34bd1b1a100955a562a305,GENERAL_SENTIMENT
3131ed81fed74b49e3fb00b1,TRADE_EXECUTION
52cf30593afda5752cc8cb6b,GENERAL_SENTIMENT
c6cba92e8bee6d309e70d979,FEES_SUBSCRIPTION
40260db8e4d869c08f6e9437,SECURITY_PRIVACY
1f357f11a4479a5fcdf6ea80,FEES_SUBSCRIPTION|USABILITY_NAV
b9d67ce8623b0bc0b46ff483,GENERAL_SENTIMENT
545878d4fb9f7065e663670d,SECURITY_PRIVACY
91757df449deed33aa3c474d,GENERAL_SENTIMENT
7ba265bc2dbd11dd40261091,APP_STABILITY_PERFORMANCE|CUSTOMER_SUPPORT|FEES_SUBSCRIPTION|FUNDS_TRANSFER
6f7176982b5abfc035892d7e,USABILITY_NAV
9dd38e2a21ef3679e1406205,USABILITY_NAV
46b0eb14fcd2f32ac6306d0e,ACCOUNT_LIFECYCLE|TRUST_FAIRNESS_REGULATORY
374ae81e2fe4852fc9670bad,ACCOUNT_ACCESS_AUTH|CUSTOMER_SUPPORT
6384d1694c692b810158acf8,GENERAL_SENTIMENT
5c01286174cd507117681bdb,GENERAL_SENTIMENT
c35067a23d60ea7f4c69ac66,ACCOUNT_ACCESS_AUTH
3cc85f1bba72367626ec277e,APP_STABILITY_PERFORMANCE
131651b73b3f82f03ebaded4,TRADE_EXECUTION
466d210d2b227d48344a0bed,ACCOUNT_LIFECYCLE|CUSTOMER_SUPPORT
3db281f77b35eeebe6437bda,FUNDS_TRANSFER|FEES_SUBSCRIPTION
dc74bf3f73a6082098e19dfe,GENERAL_SENTIMENT
4d6b2a163a79af99d46c46f9,GENERAL_SENTIMENT
b5b9d57a218a841c3ee45fa4,GENERAL_SENTIMENT
ea8e5b9e6dd442dbc3b9f30d,ACCOUNT_ACCESS_AUTH|CRYPTO_SPECIFIC
acbff0c2f3e05250eadb0d67,GENERAL_SENTIMENT
dfb2e867b4bd5f78c55f759c,USABILITY_NAV
5d44b335667ab4168ff2e501,GENERAL_SENTIMENT
b2d8e4272090768dc4c7fcbe,GENERAL_SENTIMENT
1d8385e50a1ea37f86c83cb5,ONBOARDING_BEGINNER|FEES_SUBSCRIPTION
1ab45f36aff8813c6b310d2f,FEES_SUBSCRIPTION|ONBOARDING_BEGINNER
03b1da4cd502664251315dee,USABILITY_NAV
9ca01074f2c52c985ad0800d,ASSET_COVERAGE|CRYPTO_SPECIFIC
ccfb2b7bc3386bc70d0ff476,GENERAL_SENTIMENT
