category,cluster_id,rubric_overall_priority,rubric_rank,bl1_cluster_score,bl1_rank,e2_matched
ACCOUNT_ACCESS_AUTH,0,7,19,92.555556,45,0
ACCOUNT_ACCESS_AUTH,1,10,1,3435.999396,2,0
ACCOUNT_LIFECYCLE,0,1,48,28.81978,72,0
ACCOUNT_LIFECYCLE,1,8,12,362.664952,17,0
ACCOUNT_LIFECYCLE,2,8,13,134.205699,32,0
ACCOUNT_LIFECYCLE,3,8,14,161.899476,28,0
ACCOUNT_LIFECYCLE,4,9,7,149.650633,31,0
ACCOUNT_LIFECYCLE,5,7,20,95.439024,42,0
ADVERTISING_NOTIFICATIONS,0,7,21,192.291501,27,0
ADVERTISING_NOTIFICATIONS,1,5,37,87.732246,48,0
ADVERTISING_NOTIFICATIONS,2,6,29,62.85045,57,0
APP_STABILITY_PERFORMANCE,0,1,49,32.884319,69,0
APP_STABILITY_PERFORMANCE,1,1,50,94.533467,43,0
APP_STABILITY_PERFORMANCE,2,10,2,1754.961788,5,0
APP_STABILITY_PERFORMANCE,3,10,3,1533.231919,7,0
ASSET_COVERAGE,0,5,38,207.918732,25,0
ASSET_COVERAGE,1,7,22,126.827473,33,0
ASSET_COVERAGE,2,3,43,12.120301,76,0
ASSET_COVERAGE,3,6,30,85.929167,49,0
CHARTING_TOOLS,0,4,39,7.384615,77,0
CHARTING_TOOLS,1,7,23,538.0534,13,0
CRYPTO_SPECIFIC,0,9,8,977.310103,12,0
CRYPTO_SPECIFIC,1,1,51,54.684305,60,0
CRYPTO_SPECIFIC,2,1,52,154.164037,29,0
CRYPTO_SPECIFIC,3,1,53,77.144262,51,0
CRYPTO_SPECIFIC,4,1,54,28.414376,73,0
CUSTOMER_SUPPORT,0,7,24,64.928058,55,0
CUSTOMER_SUPPORT,1,10,4,3468.397124,1,0
FEES_SUBSCRIPTION,0,1,55,196.68253,26,0
FEES_SUBSCRIPTION,1,2,47,119.041212,36,0
FEES_SUBSCRIPTION,2,9,9,1186.831579,10,0
FEES_SUBSCRIPTION,3,7,25,114.296,37,0
FEES_SUBSCRIPTION,4,8,15,254.612709,23,0
FEES_SUBSCRIPTION,5,1,56,41.866459,66,0
FEES_SUBSCRIPTION,6,3,44,23.534132,74,0
FUNDS_TRANSFER,0,10,5,3153.722114,3,0
FUNDS_TRANSFER,1,6,31,52.261084,62,0
FUNDS_TRANSFER,2,1,57,227.434281,24,0
GENERAL_SENTIMENT,0,1,58,72.899603,52,0
GENERAL_SENTIMENT,1,1,59,124.881638,34,0
GENERAL_SENTIMENT,2,1,60,61.498236,58,0
GENERAL_SENTIMENT,3,3,45,1770.490031,4,0
GENERAL_SENTIMENT,4,1,61,300.613305,20,0
GENERAL_SENTIMENT,5,1,62,102.219633,39,0
GENERAL_SENTIMENT,6,1,63,386.393185,16,0
ONBOARDING_BEGINNER,0,1,64,306.019894,19,0
ONBOARDING_BEGINNER,1,1,65,96.152119,41,0
ONBOARDING_BEGINNER,2,1,66,311.718621,18,0
ONBOARDING_BEGINNER,3,1,67,30.211624,71,0
ONBOARDING_BEGINNER,4,1,68,298.748748,21,0
PREDICTION_MARKETS,0,4,40,40.193631,67,0
PREDICTION_MARKETS,1,8,16,57.110204,59,0
PREDICTION_MARKETS,2,7,26,98.307914,40,0
SECURITY_PRIVACY,0,1,69,51.747039,63,0
SECURITY_PRIVACY,1,4,41,91.92346,46,0
SECURITY_PRIVACY,2,8,17,89.971304,47,0
SECURITY_PRIVACY,3,6,32,68.0,53,0
SECURITY_PRIVACY,4,7,27,94.023529,44,0
SECURITY_PRIVACY,5,9,10,276.60061,22,0
SECURITY_PRIVACY,6,6,33,37.5,68,0
SECURITY_PRIVACY,7,6,34,30.6,70,0
SECURITY_PRIVACY,8,6,35,66.121918,54,0
SECURITY_PRIVACY,9,6,36,21.323077,75,0
TRADE_EXECUTION,0,4,42,150.05717,30,0
TRADE_EXECUTION,1,10,6,1665.398827,6,0
TRUST_FAIRNESS_REGULATORY,0,1,70,49.252868,64,0
TRUST_FAIRNESS_REGULATORY,1,3,46,43.125,65,0
TRUST_FAIRNESS_REGULATORY,2,7,28,417.772455,15,0
TRUST_FAIRNESS_REGULATORY,3,8,18,1319.024985,9,0
USABILITY_NAV,0,1,71,62.973185,56,0
USABILITY_NAV,1,1,72,54.678919,61,0
USABILITY_NAV,2,1,73,1107.117147,11,0
USABILITY_NAV,3,9,11,1364.478319,8,0
USABILITY_NAV,4,1,74,123.478294,35,0
USABILITY_NAV,5,1,75,81.333871,50,0
USABILITY_NAV,6,1,76,418.096244,14,0
USABILITY_NAV,7,1,77,103.111971,38,0
