app,announcement_date,effective_date_if_stated,area,change_type,change_summary,status_from_source,market_or_eligibility,source_url
robinhood,2026-09-08,2026-09-08,Prediction markets,New routing venue,Robinhood began routing selected football event contracts to OG.com alongside existing venues.,began routing,US,https://robinhood.com/us/en/newsroom/robinhood-cryptocom/
robinhood,2026-09-08,,Prediction markets,Redesigned experience,"Pro and college football trading experiences gained improved live data and a dedicated hub with filters by week, team and conference.",announced as current; exact rollout date not independently specified,US,https://robinhood.com/us/en/newsroom/robinhood-cryptocom/
robinhood,2026-09-08,,Prediction markets,Expanded contracts,"The football offering described contracts on game outcomes, players and custom combinations.",described as available this season; exact rollout date unspecified,US,https://robinhood.com/us/en/newsroom/robinhood-cryptocom/
robinhood,2026-09-08,,Prediction markets,Election hub,Robinhood announced a dedicated midterm election hub for state and federal prediction markets. Interactive heat maps were described as forthcoming and are excluded from this delivered-change row.,launched/announced; rollout scope requires review,US,https://robinhood.com/us/en/newsroom/robinhood-cryptocom/
coinbase,2026-08-19,,Coinbase Advanced,New trading pair,Coinbase added direct buying and selling of USDC using Brazilian reais on Coinbase Advanced.,described as available,Brazil,https://www.coinbase.com/blog/coinbase-brings-direct-brl-trading-for-usdc
coinbase,2026-08-20,,Coinbase app,Earn Center design,"Coinbase described bringing staking, lending and cash rewards into a unified Earn Center.",design account; exact public launch date unspecified,region unspecified,https://www.coinbase.com/blog/designing-the-earn-center-one-home-for-everything-your-crypto-can-earn
coinbase,2026-09-02,,Trading,New derivatives access,Coinbase announced access to perpetual and dated crypto futures and commodity futures for eligible Canadian investors.,launched for eligible users,Canada,https://www.coinbase.com/blog/coinbase-launches-derivative-contracts-in-canada
coinbase,2026-09-09,,Earn/Lending,Geographic expansion,Coinbase began progressively rolling out USDC lending via Morpho through the app Lending tab.,progressive rollout to eligible users,Brazil and Canada,https://www.coinbase.com/blog/coinbase-usdc-earning-brazil-canada
coinbase,2026-09-16,2026-09-16,Coinbase Advanced,Fee changes,Coinbase lowered some active-trader fees and consolidated eligible spot and derivatives volume tiers; its article specifies an effective date of September 16.,effective date specified,eligible jurisdictions; rates vary,https://www.coinbase.com/blog/were-lowering-fees-for-many-active-traders-on-coinbase-advanced
coinbase,2026-09-21,,IPO Access,New functionality,Eligible US retail customers can request IPO share allocations in the Coinbase app through an IPO deal page.,offered to eligible users; exact first availability date not separately verified,US,https://www.coinbase.com/blog/you-can-now-participate-in-ipos-on-coinbase
