app,platform,review_id_hash,review_text,rating,review_date,app_version,thumbs_up_count,developer_reply_present
Robinhood,app_store,8ff1148db4808d6f221a3477,"You deposit take seconds, if you buy any stock you wil have to exchange sterling in usd so you get charged all money at once. If you buy any stock again you get charged if you sell again you pay fee. If
You want to withdraw you have to exchange again usd to sterling and get charged if is weekend is more expensive from 0.10$ to 0.30$ not big amount but others don’t play so dirty. Then after you done that you try withdraw your money which you just exchange them from usd to sterling and guess what you can’t get them out because some policy from Robinhood you have to wait another trading day so you can take out your money. All this been confirmed by customer service I have screenshots. Nobody is in rush, but that money is losing a  few days for me that could earn an interest.",1,2026-08-14T11:27:06-07:00,2026.32.0,,
Robinhood,app_store,cfd3e12de0e3e835dc32c7c9,"Couldn’t sign up, support is an AI incompetent robot that couldn’t help. Waste of time.",1,2026-08-12T10:48:08-07:00,2026.32.0,,
Robinhood,app_store,15fa4b60e69cdc8e4ad0b7e4,"I am fine uploading my ID, proof of residence , selfie. Asking for National Insurance number is fine but asking for HMRC letter is annoying because I do not have it. Fine! I went to obtain it but I still need to verify my identity again and I am still waiting for approval. To the hell with your app! There are many investing platforms around. Yours is a hassle !",1,2026-08-09T15:41:53-07:00,2026.31.0,,
Robinhood,app_store,c139afd3bb66c55351ae0f48,"Worst app I used, not user friendly at all",1,2026-08-07T01:20:18-07:00,2026.31.0,,
Robinhood,app_store,0dd1dc534d9b66b34b7ac47e,"First, took over a week to be approved for an ISA account, no idea why. ID verification should never take that long.

Second, the support system is awful and completely messed up, nobody there knows what they're doing.

Third, I only came to this platform because of the 2% cash bonus on ISA contributions, but it's so bad I think I'll genuinely take the withdrawal penalty at this point and leave.

Fourth, An atrociously short amount of stock options. Coming from Trading 212 I expected atleast a similar range of stocks available, No. They only have US stocks available, no commodities like Gold, and no UK or other stocks. No funds, no S&P500, nothing like that at all.

There's a reason they offered that 2% bonus, it's because the platform is an awful option in comparison to others without it.",1,2026-08-04T07:57:28-07:00,2026.31.0,,
Robinhood,app_store,ac2828493c551fdadb0d07f8,Rubbish app avoid at all costs. Would put -5* if I could.,1,2026-07-22T16:24:11-07:00,2026.29.0,,
Robinhood,app_store,588b7dfb14ccc861f5654d25,Easy to use building up stocks,5,2026-07-17T09:05:39-07:00,2026.28.0,,
Robinhood,app_store,4be9c3608233c87d72bae8f5,"Robinhood has been an awful experience. The app is confusing, inconsistent, and difficult to use. It tells me I have funds available to withdraw, then blocks the withdrawal saying there’s nothing available. It’s caused constant confusion and unnecessary stress.",1,2026-07-03T07:53:55-07:00,2026.26.0,,
Robinhood,app_store,01dcb15b84f0f616cfa6ee63,Very un user-friendly. Avoid.,1,2026-06-26T10:25:47-07:00,2026.25.0,,
Robinhood,app_store,a8897b9472fbe051cf2682bd,"The latest app with could be recommended to anyone 
Costumers services no existing, all app us so complicated and they hold my funds without any reason",1,2026-06-11T02:15:45-07:00,2026.23.0,,
Robinhood,app_store,7dc61058ec54773ea3771542,Liquidated my positions despite giving me a deadline to meet margin. Didn’t give a breakdown of all the various margin calls they had on my account until randomly at the time of liquidation via a human email. Then used all mechanisms to give them the most time to respond to my complaints - they don’t even address the points I raise.,1,2026-06-09T14:29:13-07:00,2026.23.0,,
Robinhood,app_store,31c2b025ae6d186b62c02862,"Having fun on this app at the moment, I hope it continues.",4,2026-06-03T10:06:55-07:00,2026.22.0,,
Robinhood,app_store,11d1323c9378efb8bc18cb34,"Why doesn’t the UK app have the updates that the US app has like agentic trading and the community feature. 

Additionally, why are some key indices missing from this app, like SPY, USO, IBIT and some others",4,2026-06-03T09:46:23-07:00,2026.22.0,,
Robinhood,app_store,7dd4ede925dcf7c854ea8d19,"I can’t speak for their American offerings, but the UK service is really poor. I have been waiting for an ISA transfer out of Robinhood since the 7th April, and it is now the 18th of May. No one can give me a straight answer why is still isn’t complete. Do not recommend.",1,2026-05-18T08:23:49-07:00,2026.19.0,,
Robinhood,app_store,a2713a3b955d344363856c17,Ui is very confusing and less intuitive. Struggling so far. Came from EToro’s IG and T212 experience,2,2026-05-18T06:07:08-07:00,2026.19.0,,
Robinhood,app_store,61ca120bb30dcf5dd993a7a6,The app is responsive but the iPad display needs to be bigger and more option to see few trade screens as one. I am talking about full size iPad 12”.,4,2026-05-18T01:33:48-07:00,2026.19.0,,
Robinhood,app_store,a8f2f2260f4fc952143e935e,"I download the app and provided my email and password and when I provided my name, I get a message saying that I am unable to proceed. What kind of app is that?!?",1,2026-04-27T12:02:45-07:00,2026.16.0,,
Robinhood,app_store,378d6b38f12efb12060f98df,Trading 212,2,2026-04-24T13:31:09-07:00,2026.16.0,,
Robinhood,app_store,5ae27f8ff5e6d09d2e9563e0,No issues with documentation as all was verified automatically but still when I deposited to make investments for the deep money not in the account,1,2026-03-18T14:48:38-07:00,2026.11.1,,
Robinhood,app_store,546a0b05c82a8c505936bb71,"I got approved to invest after 10 days of trying and now I still get means that my I need upload the ID again.

I contacted support and they don’t seem to know what they are doing.

It allows you to add money to the account but it says we cannot verify your ID.",5,2026-03-16T15:45:11-07:00,2026.11.0,,
Robinhood,app_store,0a13a21379800f3a042fa0e5,Really difficult to navigate. Not intuitive at all.,3,2026-03-11T07:30:23-07:00,2026.10.0,,
Robinhood,app_store,999dd9872113b94c9cde97cb,"Lots of good features, and good UI. Recently brought out S&S ISAs for UK users, but it’s still the US experience, with no UK market shares available (that I’ve noticed). Needs a local experience, hopefully in time it’s implemented :)",4,2026-03-06T14:19:46-07:00,2026.9.1,,
Robinhood,app_store,dc2f5c31cbd8ab687ab7eae1,Is this platform available in the UK? When I try to verify my address it gives me US options to fill!,3,2026-02-23T23:41:28-07:00,2026.8.0,,
Robinhood,app_store,6e381598e8671c5f71e80cff,"Most atrocious customer service I have experienced in life. I am a professional trader with experience of a range of platforms - this is by far the worst customer service of any platform I have used. In fact, it is the worst customer service I have experienced anywhere. Please do not put any serious amount of money into Robinhood.. good luck getting it back out again. I am so glad that I had this experience before I could deposit any money. Try Trading212 or something else, avoid Robinhood.",1,2026-02-22T14:48:00-07:00,2026.7.0,,
Robinhood,app_store,22a7d54a86010a652bde1a22,Best app for investing,5,2026-02-11T11:09:56-07:00,2026.6.0,,
Robinhood,app_store,b1d4acc9aa105667302629ce,"Hi All I’ve just joined Robinhood today , I have started my investment journey, I’m liking this app and so far so good",5,2026-01-26T08:09:08-07:00,2026.3.0,,
Robinhood,app_store,acfca3cef9c23446220f46c2,"Robinhood makes it incredibly easy to deposit money, but when it’s time to withdraw, everything falls apart. My funds are stuck, and I’m unable to withdraw my own money with no clear explanation from the app.

I’ve tried reaching out through support chat multiple times and have also sent emails explaining the issue, but nothing has been resolved. The responses are slow, generic, and don’t actually address the problem. It feels like I’m just being passed around instead of helped.

This is a financial app access to your money should be basic, not a struggle. The lack of real customer support and transparency is unacceptable. Until this is fixed, I can’t recommend Robinhood to anyone.",1,2026-01-26T00:58:36-07:00,2026.3.0,,
Robinhood,app_store,96157e1dc90dea69479c2d18,"Once you’ve sold your shares you then have to wait a day to convert back your sterling, then wait another day or two before you can withdraw any cash. I also don’t like how much they push Options and Margin on people, worse thing retail can do.",1,2026-01-22T03:10:35-07:00,2026.3.0,,
Robinhood,app_store,3190bec6699599a60f3c0d25,"I’m not a finance company employee or anything close . The last 20 years I have been self employed. Due to the !&@$”£& at No 10.  Since 2008 understood the importance of the financial world,  compliments
Of Bloomberg . On many occasions, I have tried to purchase shares of companies that have potential. Nvidia was only at $80. I wish to purchase them. The mechanism was not there . I’m so pleased that Robin Hood. is available United Kingdom gives you the scope for so many different investments. I wish to purchase your shares in a smaller company was told by my other investment company 10,000 pound minimum. We back in time I wanted to get involved in GameStop in the UK not happening. Take my hat off to Robinhood. well done have a great Christmas.",5,2025-12-22T15:29:31-07:00,2025.50.0,,
Robinhood,app_store,7ab430dc88b2b644fd215651,"No portfolio transfer in or out, no trading of any ETFs at all, FX fees, terrible filling prices for orders. 
This is a terrible trading experience for UK users and I would expect much better from Robinhood.",1,2025-12-19T05:53:18-07:00,2025.50.0,,
Robinhood,app_store,d634e15b495bff616e6080b5,"Have tried a few trading platforms and by far the best of the best in terms of being user friendly, simple to understand, clarity, showing charts extensively, layout and all,  is TRADING212. It beats them all. Robinhood, I think you can do better. I found your platform and layout too basic in comparison in terms  of candle charts etc. and just to make a transaction takes much longer than it needs to be. Overall it’s ok but once you’re used to something better, you don’t want to go back to something that seems a bit primitive in my opinion.",3,2025-12-12T13:24:35-07:00,2025.49.0,,
Robinhood,app_store,44d02931f351279841fea2b9,"Easy access to US oil futures, 0 fees on stocks, enhanced experience on desktop with Robinhood legend",5,2025-12-04T22:40:17-07:00,2025.48.0,,
Robinhood,app_store,35382ad051dc388774743194,So far I’m quite satisfied using the app. My brother uses this in US who had suggested this app to me.,5,2025-12-02T09:30:37-07:00,2025.48.0,,
Robinhood,app_store,70966a4a7509bc7000152bfe,We can put UK pounds in but we get Zero 0% Interest and when we change our UK Pounds to Dollars you have increased the costs by 233% YES 233% and we are not finished if you then Convert on a Friday Evening that increase is now going to be drum roll………900% Yes 900%. Absolute Robbery.,1,2025-11-17T10:04:51-07:00,2025.45.1,,
Robinhood,app_store,7688b26c7504fed7876c0c8e,They ask you to transfer in crypto but don't tell you that you can't transfer it out (fixed daily limits with no ability to lift it). So your crypto gets trapped there!,2,2025-11-12T14:41:27-07:00,2025.45.1,,
Robinhood,app_store,4b53185fd61e92856cc33e30,I’m busy securing my children’s future,5,2025-10-29T09:01:08-07:00,2025.43.0,,
Robinhood,app_store,8cdc3998bee311922cabda4a,"Doesn’t allow withdrawals if you’ve used margin. This is ridiculous as you could have deposited for example $500k and borrowed $10k to buy $510k worth of shares. If you then wanted to withdraw anything, eg even $1k you wouldn’t be able to. So your $500k is locked until you pay the $10k back 🙈

Also doesn’t allow investments in ETFs just individual shares.

If these two were fixed it would be a very good platform. But until they are it’s very unfair.",1,2025-10-17T11:34:34-07:00,2025.41.2,,
Robinhood,app_store,dad6c5f0f8c0a4fda9d0e5ea,"Hard to navigate, hidden complications, not worth the time",1,2025-10-10T12:20:56-07:00,2025.40.0,,
Robinhood,app_store,6ff6391996a0a9e2d123b51c,"Intuitive way of trading with detailed information, simple yet effective",5,2025-10-08T13:14:01-07:00,2025.40.0,,
Robinhood,app_store,39fd11c6537d14b628c9f74c,"No easy to navigate, cannot find options trading on the app",1,2025-09-16T11:02:11-07:00,2025.36.0,,
Robinhood,app_store,3be70b5afae0837a07335db0,"Waited many years for this app to launch here in the uk and then it finally did but even after years we have nowhere near the amount of features as USA consumers - and no real updates at all since launch apart from bug fixes , can’t even trade USA etf ‘s",2,2025-09-15T20:50:47-07:00,2025.36.0,,
Robinhood,app_store,57d52983387282067efb8df1,"Very disappointed they allow PII data mishandling by outsourcing basic KYC at onboarding to 3rd parties. Fail! You’re in the S&P500 now and you’re not even investing in the basics, bring it in-house. All these 3party can sell or compromise your client data! SOC Audit reports is bull, and cannot protect your client data from misuse or mishandling by 3party. What a joke!!",1,2025-09-11T15:00:22-07:00,2025.36.0,,
Robinhood,app_store,56a289c1c0aa0215ac396cbb,Your app is terrible because I put £300 into the app thinking it would be easier to get bitcoin but your app stole my money when I wanted to put the money back into my account it says I have no funds when clearly I had money so if you don’t sort that issue out I am not happy and this app is not clear and it’s unfair and your technically stealing money from me I either need my money back or compensation this app is a scam,1,2025-09-04T01:52:47-07:00,2025.34.0,,
Robinhood,app_store,183b274854e5d9b9a0ef9665,"Great for use in the UK, when Stake stopped brokering in the Uk I looked to Robinhood who are a cheap brokerage to use and have a wide range of stocks",5,2025-09-02T07:34:03-07:00,2025.34.0,,
Robinhood,app_store,6c60678e7ce83a660d5e5745,Personalisation,5,2025-08-29T14:49:55-07:00,2025.34.0,,
Robinhood,app_store,985d270507b96587672f3f7a,I am a 19 year old student and currently live at home so I cannot provide a utility bill. Ive sent my drivers license and bank statements clearly multiple times over the last few weeks and they keep saying it’s unable to be verified. Very shocking and poor system since every other app works and honestly has been a pain since I’ve missed a few opportunities in investments I could have made…,1,2025-08-05T09:01:33-07:00,2025.31.0,,
Robinhood,app_store,e25993d57793d5430acf8fbd,The stock loss settings are hard to use  & not user friendly at all. Sorry I find the EToro setting a lot easier to use,3,2025-08-05T08:36:28-07:00,2025.31.0,,
Robinhood,app_store,f878c723042c9107a72980a3,New to stocks but Robinhood made it easier for me. Thanks,5,2025-07-28T05:18:14-07:00,2025.29.1,,
Robinhood,app_store,8be1d0df102c85aa136ded14,"I had heard good things about Robinhood and with when they ran an offer recently I thought now is the perfect time to sign up. 

I was asked for additional information before my account could be verified but nothing happened. I contacted support several times over the ensuing week and was told each time a ticket had been raised and would be dealt with in a few days. Still nothing. 

I always keep my messages respectful as I know it’s not the fault of the individuals on the support team but last night they closed the chat without coming back to a follow up question. 

Now I’ve well and truly missed the time limited sign up bonus. Extremely disappointed.",1,2025-07-21T23:37:52-07:00,2025.29.0,,
Robinhood,app_store,d0b7ad76033775092c40f6e0,"Doesn’t function at weekends and has no customer service at all! Just waiting for Monday afternoon (after 2:30pm when you can actually start to do things again) to withdraw all my funds, as fed up with it now.",1,2025-07-20T05:34:50-07:00,2025.28.0,,
Robinhood,app_store,68c64e607e7586767d3c1579,"Please provide this function in the UK. All the other stock brokers and banks have that. 

Also, we need more choices of bitcoin or ETH investments and the relevant ETFs.",2,2025-07-17T03:19:21-07:00,2025.28.0,,
Robinhood,app_store,12efdb49f5f7269391d2032d,"This is not good. 

So I was one of the lucky few to be invited to the beta preview of Robinhood uk. I signed up and enjoying 6 months of use. Spending a lot of money on the platform.

Then I got a nasty surprise, a 30% tax bill from the US.

I asked as to why I didn’t have an W-8BEN filled out? Presuming I must have done so whilst onboarding.

I was told I did not have one and also informed that there is no way to supply me with one, now I’m an active user.

This to me makes this app and platform unusable. Unless I wish to pay 15% more tax that everyone else.

They will not admit that clearly an error has been made / in other words, this form should have been supplied to me before I invested in US stock.

I have been told as a solution. “Just don’t trade the US” and that they “have no plans to allow users to complete W-8BEN forms after the sign up process”

So I’m out. all my money and stocks moved to trading 212.

Bye!",1,2025-07-15T02:03:08-07:00,2025.28.0,,
Robinhood,app_store,8474f48ee5e91d163e12cf0b,Ex-US offering improving fast,5,2025-07-02T08:02:21-07:00,2025.26.0,,
Robinhood,app_store,aebb4dea548796312a7c378c,"Be ware of dodgy stocks being sold here…
For UK customers stick to t212 don’t go near Robinhood",1,2025-06-27T05:59:04-07:00,2025.25.0,,
Robinhood,app_store,e3a43a933a29356ba2a48360,"Very good platform for investing, especially for beginners like me. Thanks",5,2025-06-23T15:36:52-07:00,2025.24.2,,
Robinhood,app_store,7d977c97e5324217d6a4e53a,"As a novice to investing, Robin Hood has made as easy as children playing with toys…",5,2025-06-10T07:06:31-07:00,2025.23.0,,
Robinhood,app_store,cc3fb9c955c8346c56e379a8,Not user friendly much prefer 212,1,2025-05-01T07:13:16-07:00,2025.17.0,,
Robinhood,app_store,1580053909fbf9059057c426,I have contacted the customer service did not bother to reply to my message.,1,2025-04-29T13:20:07-07:00,2025.17.0,,
Robinhood,app_store,35089c8cebfc0281d518f0c8,I’ve tried various Apps but Robin Hood is the best by far. A must for all investors!,5,2025-04-11T12:04:05-07:00,2025.14.0,,
Robinhood,app_store,5e081d1796ccdcff161025b4,"Takes weeks to get onboarded, too many glitches in the system and even the humans interacting as customer service representatives. Can’t trust the app. I don’t think it’s ready for UK market",1,2025-04-03T23:52:36-07:00,2025.13.0,,
Robinhood,app_store,4a83f8a00fe341aa931e6c98,The platform interface is not easy to understand. Should be made simpler,3,2025-03-31T10:24:05-07:00,2025.12.0,,
Robinhood,app_store,0574ec2f7cf6ee530d212929,"I have used several investing apps and this one is by far the cheapest, easiest, and  simplest app to use. The UI is incredibly friendly and I recommend it to anyone starting to invest or season investors.",5,2025-03-28T13:13:38-07:00,2025.12.0,,
Robinhood,app_store,0b689c1c4a6ec23640515a4b,I can’t even register on the app and I’m in the uk,3,2025-03-26T23:34:59-07:00,2025.12.0,,
Robinhood,app_store,fb6975c61129d31224729ffe,How can it take over 7 days to be onboarded to a platform in 2025?,1,2025-03-20T07:52:15-07:00,2025.11.1,,
Robinhood,app_store,e196fd492d7df7ec8548a7ec,Good platform,5,2025-03-17T09:41:05-07:00,2025.11.0,,
Robinhood,app_store,3b34ac6d16e157add1c13c79,"They say “you can now trade options on robinhood” but is not true! I’m trying to enable them for 3 weeks and is impossible, doesn’t matter what i say in investment profile, options are not available, isa is not available and i can say Trading 212 is better because they have ISA at least.",2,2025-03-11T12:58:29-07:00,2025.10.0,,
Robinhood,app_store,3f40e3eaafcab07765e57376,So when filling in the details I went to look for phone number then it kicked me out I try logging in the account can’t because haven’t filled my details but how can I ???? Not letting me in can’t even contact support ridiculous big bug pls fix,1,2025-03-08T03:24:26-07:00,2025.9.1,,
Robinhood,app_store,24ce16d393aca6bd60381d69,"The absolute best options trading platform in the uk!

I’m giving it 4/5 starts for the time being because we cannot buy any ETFs. 

I understand EU/UK regs on buying US etfs but we at the minimum need either options trading on US ETFs (IBKR allows this, you’re allowed to trade derivatives on US ETFs) or preferably access to UK/EU ETFs so I have somewhere to put my money without thinking about individual stock picks.",4,2025-02-23T02:33:18-07:00,2025.8.0,,
Robinhood,app_store,339c194af15342b6f670e332,"Having been targeted by Robinhood with direct emails about UK customers being able to trade options on USA market; I opened an account, transferred funds into it but Robinhood are still refusing to let me trade options even though I have over 30 years experience of doing so.",1,2025-02-21T07:15:02-07:00,2025.6.0,,
Robinhood,app_store,2963f8db0ee42b4bd8df9d97,"Love Robinhood, but we need UK ISA’s, SIPP’s, Crypto and options trading next",3,2025-02-17T13:59:02-07:00,2025.6.0,,
Robinhood,app_store,ffaa80b0b353dffebebd53d6,"I cannot access the account, application is still under review? Why? I was excited for Robinhood to come to the UK but I cannot get into the app and I cannot even contact Robinhood support. Help!",1,2025-02-14T08:13:20-07:00,2025.6.0,,
Robinhood,app_store,f07b5e71cd8f89a1df3b4aa0,For some reason the app won’t let me verify my identity… and it’s asking me for a us address but I live in the uk,1,2025-02-05T16:49:19-07:00,2025.5.0,,
Robinhood,app_store,cdfbf7ed30ec31129e4cd25d,It’s been a pleasure trading on this app. No FX fees is the biggest relief for someone with a small portfolio. It would be amazing if you guys were to add options trading. I’ve been using Webull for options but it’s ready for transfer soon as Robinhood releases it.,5,2025-01-25T02:44:30-07:00,2025.3.0,,
Robinhood,app_store,b09a786796c4764bbddd9ff7,"- I thought you give new breeze to bring option trading to UK. Why you skip it? Also why the candlestick chart isn’t show in real time? the only option is per hour. It takes 2 working days if you withdraw money. But takes seconds to transfer money into it. 
+ plus side, has no fx fee because your money going to exchanged to usd once you fund the account. Also got small amount of free stock. 

Fix this please. I will edit this comment once you fix the problem.",3,2025-01-08T23:28:08-07:00,2024.51.1,,
Robinhood,app_store,b85fb04771820c29527b6be6,"I opened an account and put money in, forgot login and changed phone number now they won’t respond to me and I have lost me money , I would avoid at all costs!!!",1,2025-01-04T15:07:22-07:00,2024.50.3,,
Robinhood,app_store,25140138f42e44d874c1701e,"I hope this is a test run to ease Robinhood into uk market but until you have an option for ISA accounts this will never be a major player in the UK. If it does as well as add options, more uk stock choices etc it will easily be the #1 trading app in the UK as most people dont like t212",2,2025-01-01T04:39:50-07:00,2024.50.3,,
Robinhood,app_store,375d3bf8a47b0ba9de76f260,"By far the best investment app I’ve used. Excellent. 

Only thing I hope is that Robinhood UK will allow ISA stocks and shares soon",5,2024-12-30T16:41:45-07:00,2024.50.3,,
Robinhood,app_store,06fa14ac95307ff94e2ec07d,"App looks great, fees are great. Robinhood is held back in the UK because there’s no ISA options and no option to buy European companies or any type of fund.",3,2024-12-29T14:30:24-07:00,2024.50.3,,
Robinhood,app_store,cd742091763a93614b457ece,Excellent easy to follow platform,5,2024-12-18T15:40:54-07:00,2024.50.0,,
Robinhood,app_store,1ed87816f8599d1b9b985902,Please when we think we bring crypto in Uk please?,5,2024-12-13T09:23:29-07:00,2024.49.0,,
Robinhood,app_store,18180b3b3951f22cfee60273,Nice and easy to use,5,2024-12-11T16:33:40-07:00,2024.49.0,,
Robinhood,app_store,6f7707584734d3d2d72ec5d6,Where is the realised profit/ loss feature? It has disappeared from this version. How is that an upgrade?,5,2024-12-05T22:53:25-07:00,2024.48.1,,
Robinhood,app_store,066f579e8fe39c6fc89b4f8e,"stivens-ccbb06 - worked to get some shares for free and then now I use it for some of my trades along with Freetrade. Feels like this has less features than some of the alternatives, interest on cash balances are great and it works well to do trades.",4,2024-11-30T03:49:49-07:00,2024.47.1,,
Robinhood,app_store,2db5c738ee1fc64da8cd45ba,Why come to the uk with only us stocks and no isa option this isn’t what I’ve waited for for 4 years. Not happy can’t invest until you sort an isa out once you do I’ll be with you for life. No isa is a deal breaker…,1,2024-11-25T06:26:12-07:00,2024.46.0,,
Robinhood,app_store,7d0edc745e03f5d44080e6c0,Would be great if options trading was available like the us version also crypto again like the us version c’mon guys,2,2024-11-13T13:17:46-07:00,2024.45.0,,
Robinhood,app_store,af8e6db332c702ccfd2337db,As in the title,1,2024-10-27T10:30:54-07:00,2024.42.0,,
Robinhood,app_store,4aa30c78f327c72ce97dfd3a,"I am using T212 and this App for stocks trading. Honestly I feel that this App is quite basic and limited with a lot of unexplained restrictions in day trading. it is missing a lot of features which I can see on T212 app, which is more easily for me to deal with. better to avoid",5,2024-10-14T15:03:31-07:00,2024.41.0,,
Robinhood,app_store,9ff1b7d0bbd49d05d0876b20,The King Of Investing,5,2024-10-14T08:22:59-07:00,2024.40.1,,
Robinhood,app_store,16d89c24c24fb00d5b34504d,"Every single other investing app in the UK has been awful, with commissions and unnecessary security checks (like some literally lock you out of your account once a month)

But Robinhood has been different, no commission, but in your national security, you can start investing, and your not just limited to buying whole shares, you can invest as little as one dollar, 

Thankyou so much for coming to the UK, god bless you Robinhood. Thankyou.",5,2024-09-21T11:48:43-07:00,2024.37.0,,
Robinhood,app_store,a0034dabb194c58f0c8516ef,"I don’t think there is options trading for uk users which is so disappointing I had so much high expectations for the app, just to have it crashed. Not just that but I feel like this app is playing games with me. I hope their add that option trading soon.",3,2024-09-04T06:57:19-07:00,2024.35.0,,
Robinhood,app_store,d2dd926ca6cec2981481c823,I initially joined Robinhood to earn more interest but I am enjoying some investment into US stocks.,5,2024-08-28T09:21:14-07:00,2024.34.0,,
